ID Progetto,ID Progetto Padre,Direttrice,Nazione/i,Numero Nazioni,Tipo Progetto,Nome Progetto,Obiettivo,Descrizione,Ente Esecutore / Capofila,Partner,Strumento / Risorse,Importo (milioni),Valuta,Importo Nota,Importo Testo Originale,Durata,Stato,Collegamento Iniziative Europee
BF01,,Agricoltura/Pesca,Algeria,1,Bilaterale,Recupero terreni semi-aridi per la produzione agricola in Algeria,Rafforzamento della sicurezza alimentare,"In attuazione dell'accordo sottoscritto il 6 luglio 2024 con il Ministero dell'Agricoltura e dello Sviluppo Rurale della Repubblica Algerina Democratica e Popolare, BF Interntional Best Fields Best Food Limited, parte del Gruppo BF, ha avviato un progetto di cooperazione agricola nella Wilaya di Timimoun, nella località di Timimoun Elkabir con il partner algerino National Investment Fund (FNI). L'iniziativa prevede la realizzazione di una filiera integrata dalla semente al prodotto finito, secondo un modello di agricoltura rigenerativa ad alta tecnologia che rappresenta, allo stato attuale, il più rilevante investimento italiano in tale ambito nell'area del Mediterraneo del Sud. Il progetto persegue finalità di rafforzamento della sicurezza alimentare locale, con produzioni destinate esclusivamente al mercato interno algerino, e si propone al contempo di promuovere occupazione qualificata sul territorio e di favorire il trasferimento di competenze agronomiche e tecnologiche. L'iniziativa si inserisce nel quadro più ampio delle politiche di cooperazione economica bilaterale tra Italia e Algeria, configurandosi come un esempio di partenariato pubblico-privato internazionale capace di coniugare obiettivi di sviluppo rurale con le esigenze di un operatore privato di riferimento nel settore cerealicolo nazionale.Le colture previste riguardano principalmente grano duro e mais, con la possibilità di introdurre in fasi successive, in funzione dell'avvicendamento colturale e delle condizioni pedoclimatiche locali, anche leguminose, oltre che la produzione di pasta e cous cous. Il piano di sviluppo si articola in più fasi progressive di espansione delle superfici coltivate, secondo un approccio graduale che punta a consolidare le capacità operative sul campo prima di procedere ai successivi ampliamenti, previsti su un orizzonte pluriennale fino al 2028. A regime, il progetto ambisce a una produzione annua di rilievo, contribuendo a ridurre la dipendenza dalle importazioni in un comparto strategico per la sicurezza alimentare del Paese. La governance dell'iniziativa si fonda su una collaborazione strutturata con le istituzioni algerine competenti, garantendo il costante allineamento delle attività con le priorità nazionali di sviluppo del settore primario.","BF International Best Fields Best Food Limited, National Investment Fund algerino (FNI)",,Risorse pubbliche algerine e settore privato italiano,420.0,EUR,,€420 milioni,5 anni,In corso,
DIGITALE01,,Infrastrutture fisiche e digitali,Africa,1,Panafricano,AI Hub for Sustainable Development,Innovazione tecnologica e intelligenza artificiale,"L'AI Hub for Sustainable Development è un'iniziativa avviata nell'ambito della Presidenza italiana del G7 nel 2024, promossa dal Ministero delle Imprese e del Made in Italy (MIMIT) e implementata dal Programma delle Nazioni Unite per lo Sviluppo (UNDP), con il sostegno esplicito dei Leader del G7 al Summit di Borgo Egnazia. Concepita come piattaforma multi-attore che si affianca alle iniziative G7 esistenti, punta ad accelerare la crescita industriale sostenibile guidata dall'intelligenza artificiale in Africa, facendo leva su ecosistemi AI locali in settori strategici come agricoltura, salute, infrastrutture, istruzione, acqua ed energia. Il lancio ufficiale è avvenuto il 20 giugno 2025 presso la sede UNDP a Roma, in coincidenza con il Summit ""Piano Mattei per l'Africa e Global Gateway"". L'architettura dell'Hub si regge su quattro pilastri: dataset inclusivi e rappresentativi; sviluppo del talento AI locale; infrastrutture di green computing accessibili e sostenibili; ambienti abilitanti per un'adozione responsabile dell'AI. Sul piano operativo si articola nei seguenti programmi principali: (i) l'AI Hub Platform con chatbot AskHub connette gli innovatori africani a risorse di calcolo, mentorship e partnership globali. (ii) il Compute Accelerator Programme, della durata di sei mesi, offre crediti per risorse di calcolo nel cloud, assistenza tecnica e connessioni per aiutare le startup AI a scalare a livello internazionale. (iii) l'AI Infrastructure Builder Programme connette i costruttori di infrastrutture AI africane a reti di governi, settore privato e finanziatori per strutturare le partnership di cui il continente ha bisogno con G7, Italia e Unione Europea. Sul piano delle collaborazioni internazionali, al lancio ufficiale sono state annunciate 25 partnership con Governi, settore privato e organizzazioni internazionali, includendo i Governi di Egitto, Kenya e Costa d'Avorio, la Banca Africana di Sviluppo, e partner privati come Amazon Web Services, Microsoft, Almawave, Cineca, Elis e Kytabu. Due accordi sono stati siglati contestualmente al lancio: un Administrative Arrangement con la Commissione Europea e un accordo strategico MIMIT-Microsoft, che impegnano risorse significative per espandere la crescita AI inclusiva in Africa. Dal lancio di giugno 2025, l'Hub ha mobilizzato 1,5 milioni di ore GPU attraverso CINECA e allocato 3 milioni di dollari in cloud credits da Microsoft e AWS, con oltre 50 startup già operative su carichi di lavoro reali in sanità, AI multilingue in oltre 40 lingue africane, agricoltura ed energia. L'obiettivo dichiarato è sostenere circa 500.000 startup locali entro il 2028. Sono attualmente operativi due nuovi programmi di accelerazione e una piattaforma digitale concepita per connettere innovatori africani, partner del G7 e opportunità di scala globale. (i) La piattaforma promuove un ecosistema dinamico che accompagna le organizzazioni dal primo interesse fino alla piena partecipazione ai programmi, in collaborazione con attori di riferimento dell’ecosistema africano, con oltre 300 start-up locali coinvolte. Tra le partnership più significative, Microsoft ha firmato un Memorandum con un contributo di 1,6 milioni di euro per avanzare capacità computazionale e formazione di startup africane e Amazon Web Service ha firmato un Memorandum con un contributo di 1 milioni di euro di crediti cloud per capacità computazionale di startup Africane. I due programmi di accelerazione includono: - startup & Innovator Accelerator: un programma di 6 mesi pensato per aiutare giovani innovatori e startup africane a crescere più velocemente, con accesso a potenza di calcolo (cloud, GPU, strumenti AI), formazione e contatti con investitori e aziende internazionali. L’obiettivo è rendere queste startup pronte per attrarre investimenti e creare partnership concrete nei settori chiave del Piano Mattei. - AI Infrastructure Builder Programme: è un percorso di 12 mesi rivolto a chi sta lavorando a progetti infrastrutturali di base per l’AI in Africa per sostenere consorzi e imprese che vogliono costruire centri dati, reti cloud, sistemi energetici o piattaforme di pagamento indispensabili per far funzionare l’AI e fornire consulenza tecnica, supporto nella pianificazione economica e connessioni con Governi, banche di sviluppo e grandi aziende. L'obiettivo è sostenere la realizzazione di infrastrutture affidabili e sostenibili, capaci di rafforzare gli ecosistemi locali e ridurre la dipendenza dall’estero.",Programma delle Nazioni Unite per lo Sviluppo (UNDP),,Ministero delle Imprese e del Made in Italy,15.0,EUR,,€15 milioni,3 anni,In corso,Global Gateway/Team Europe; UNDP
DIGITALE02,,Infrastrutture fisiche e digitali,"Mozambico, Ghana, Costa d'Avorio, Senegal",4,Transnazionale,Digital Flagship dell'Italia con l'Africa,Trasformazione digitale,"Il Digital Flagship dell'Italia con l'Africa è un'iniziativa di trasformazione digitale sviluppata nell'ambito del Piano Mattei, promossa dal Ministero degli Affari Esteri e della Cooperazione Internazionale (MAECI) in partnership con il Programma delle Nazioni Unite per lo Sviluppo (UNDP), con il supporto operativo dell'Agenzia Italiana per la Cooperazione allo Sviluppo (AICS) e dell'Agenzia per l'Italia Digitale. Lanciata ufficialmente ad Accra, Ghana, il 14 novembre 2024, il progetto si rivolge inizialmente a quattro Nazioni: Costa d'Avorio, Ghana, Mozambico e Senegal, con l'obiettivo di progettare iniziative pluriennali bancabili focalizzate su connettività digitale, infrastrutture pubbliche digitali e soluzioni digitali per settori chiave. L'approccio del Digital Flagship è basato su tre assi: costruire infrastrutture digitali a impatto climatico zero e resilienti dal punto di vista della sicurezza informatica; rafforzare le piattaforme pubbliche digitali; accelerare l'adozione di tecnologie per migliorare l'accessibilità e l'erogazione dei servizi pubblici. Ogni Nazione coinvolta esprime priorità settoriali specifiche. In Costa d’Avorio: l'iniziativa si concentra su (i) sviluppo di un polo nazionale dedicato all’intelligenza artificiale e alle infrastrutture di calcolo sovrane presso l’Università Félix Houphouët-Boigny; (ii) potenziamento della disponibilità e dell’utilizzo di dati agroclimatici affidabili a supporto delle decisioni agricole nei settori dell’innovazione agritech; (iii) gestione intelligente delle risorse idriche per la produzione risicola e dell’intelligenza artificiale, in coerenza con la strategia nazionale di trasformazione digitale. In Ghana: il progetto si concentra sull’innovazione agritech e sullo sviluppo delle competenze digitali degli agricoltori, la promozione dell’imprenditorialità giovanile e il rafforzamento dell’ecosistema dell’innovazione. Il programma mira in particolare a sviluppare hub agricoli fisici cui si unisce l’utilizzo di strumenti digitali intelligenti per la tracciabilità, l’accesso ai mercati e ai servizi finanziari, nonché percorsi formativi dedicati ad agricoltori, giovani, donne e operatori delle filiere rurali. In Mozambico: il programma sostiene il rafforzamento dell’infrastruttura digitale pubblica e la modernizzazione dei sistemi di finanza pubblica. Attraverso la co-progettazione con i Ministeri competenti, sono state individuate come prioritarie le piattaforme di pagamento digitale e procurement digitale, il potenziamento della connettività istituzionale e l’estensione dell’accesso ai servizi digitali, con particolare attenzione alle aree rurali. L’obiettivo è di migliorare l’efficienza amministrativa, la trasparenza, la mobilitazione delle entrate pubbliche, l’interoperabilità dei sistemi digitali nazionali e l’accesso ai servizi pubblici. La componente sulla connettività rurale si inserisce anche in una logica Team Europe, valorizzando la complementarità tra risorse italiane ed europee (la Commissione Europea ha approvato un finanziamento a dono per 5 milioni di euro lo scorso maggio 2026. In Senegal: le aree di intervento individuate riguardano agricoltura digitale, finanza pubblica digitale ed energia. Sul piano dei partner internazionali coinvolti, il Digital Flagship si integra con l'AI Hub for Sustainable Development — che si rivolge alle medesime Nazioni e opera su fondamenta complementari — e si allinea esplicitamente con la strategia Global Gateway dell'Unione Europea e con la Continental AI Strategy dell'Unione Africana. Complessivamente il sostegno finanziario ammonta a €80 milioni a dono cui si aggiungono € 2,7 milioni a favore di UNDP (giugno 2024) per lo sviluppo delle proposte progettuali in co-creazione con le Nazioni partner",Programma delle Nazioni Unite per lo Sviluppo (UNDP),,Ministero degli Affari Esteri e della Cooperazione Internazionale (MAECI),82.7,EUR,,"€ 82,7 milioni",5 anni,In corso,Global Gateway/Team Europe; UNDP
ENERGIA01,,Istruzione/Formazione/Cultura; Energia,"Marocco, Kenya, Sudafrica",3,Transnazionale,Centro di eccellenza panafricano per la formazione sulle energie rinnovabili e la transizione energetica,Formazione in ambito energetico,"Il progetto sostiene la creazione di un Centro polifunzionale dedicato alla formazione manageriale e tecnica, alla ricerca applicata e al supporto all'imprenditorialità nel settore delle energie rinnovabili e della transizione energetica in Africa. Le attività sono realizzate dalla Fondazione Enel e dalla Fondazione RES4Africa in partnership con l'Università Politecnica Mohammed VI e altre università del continente. Nato in Marocco, il programma si è progressivamente esteso all'Africa orientale e australe, costruendo un ecosistema di competenze distribuito lungo l'intero continente e capace di adattarsi alle specificità dei diversi contesti regionali. Le attività si articolano su tre livelli complementari. I corsi manageriali di alto livello sono rivolti a dirigenti e quadri di organizzazioni pubbliche e private e combinano sessioni con esperti internazionali, visite tecniche a impianti di riferimento e momenti di scambio tra professionisti di nazionalità diverse. I percorsi tecnico-professionali offrono aggiornamento e riqualificazione a tecnici e operatori del settore, con moduli pratici su soluzioni energetiche decentralizzate, installazione e manutenzione di impianti rinnovabili ed efficienza energetica. A questi si affiancano programmi dedicati all'innovazione imprenditoriale, pensati per accompagnare start-up africane dalla fase di ideazione fino alla presentazione a investitori e istituzioni. In Marocco il polo di Ben Guerir, sviluppato in collaborazione con l'Università Politecnica Mohammed VI, rappresenta il cuore del progetto. Tra il 2024 e il 2026 si sono svolti tre corsi manageriali di alto livello, con 130 partecipanti complessivi provenienti da numerosi paesi africani e oltre 30 formatori tra università, settore privato e organizzazioni internazionali. I corsi hanno incluso visite tecniche presso il Green Energy Park, il Green & Smart Building Park e l'impianto eolico di Jbel Lahdid. Sul versante tecnico-professionale, un ciclo articolato in quattro moduli ha coinvolto 25 partecipanti provenienti da Marocco, Mauritania, Senegal e Costa d'Avorio. Sul fronte dell'innovazione, il programma ""Green Up Morocco"" ha selezionato e accompagnato dieci start-up attraverso attività formative e di assistenza — sia da remoto sia in presenza presso Start-Gate, l'hub del campus UM6P — con un evento conclusivo nell'aprile 2026 organizzato con il coinvolgimento del Ministero della Transizione Energetica e dello Sviluppo Sostenibile del Marocco. In Kenya il polo di Nairobi, sviluppato con la Strathmore University, è attivo dal 2024 con percorsi tecnico-professionali che hanno formato complessivamente oltre 140 partecipanti provenienti da Kenya, Uganda, Tanzania, Zambia e Mozambico nel corso di sette edizioni tra il 2024 e il 2026. Nel settembre 2025 si è svolto il primo corso manageriale di alto livello per l'Africa orientale, con 23 partecipanti provenienti da sei paesi e una visita tecnica presso BASIGO, azienda leader nella mobilità elettrica. Sempre nel 2025 è stato avviato il programma wAtt-boost — Youth Powered Startups in Africa, un'iniziativa di formazione e accelerazione rivolta a start-up operanti nelle rinnovabili, sviluppata da Fondazione Enel con RES4Africa, Strathmore University e il contributo di IRENA. Il polo sudafricano, sviluppato con l'Università di Pretoria, opera prevalentemente attraverso percorsi di riqualificazione professionale destinati a professionisti del settore energetico. Tra il 2024 e il 2025 si sono svolte quattro edizioni di corsi tecnico-professionali — due tre in Sudafrica, una in Mozambico in collaborazione con l'istituto IFPELAC — per un totale di circa 160 partecipanti. Nel luglio 2025 si è tenuto il primo corso manageriale di alto livello per l'Africa australe, con 35 partecipanti provenienti da Angola, Namibia, Sudafrica, Mozambico e Zambia e il coinvolgimento di più di 30 docenti e tre atenei universitari. Nel complesso, nel periodo 2024–2026 le iniziative hanno raggiunto circa 550 professionisti provenienti da oltre venti Nazioni africane, confermando la solidità del modello adottato — fondato sulla partnership tra fondazioni italiane, università africane e istituzioni internazionali — e il suo potenziale di ulteriore espansione nell'ambito degli obiettivi del Piano Mattei.","Enel Foundation, RES4Africa Foundation","Università Politecnica Mohammed VI in Marocco, Sthratmore University in Kenya, Pretoria University in Sudafrica",Risorse Enel Foundation,,,,,3 anni,In corso,
ENERGIA02,,Infrastrutture fisiche e digitali; Energia,"Tunisia, Algeria, Egitto",3,Transnazionale,A Roadmap to connect Africa to Europe for clean energy production,Energie rinnovabili e interconnessioni energetiche.,"Il progetto – coordinato dal Ministero dell'Economia e delle Finanze (MEF) in qualità di beneficiario dei fondi europei messi a disposizione attraverso il programma TSI - Technical Support Instrument – sviluppa una mappatura complessiva delle possibilità di interconnessione energetica (partendo dalle iniziative già in corso), nonché delle potenzialità di sviluppo nel campo delle energie rinnovabili in Nord Africa e degli interventi da promuovere su entrambe le sponde del Mediterraneo. L'obiettivo è quello di agevolare l’integrazione energetica tra l'Unione europea e il Nord Africa per sostenere un afflusso di energia pulita dall’Africa all’Europa tramite l’Italia quale hub energetico del Mediterraneo. L’analisi, partendo dall'approfondimento del caso tunisino, esamina inoltre l’impatto dello sviluppo del settore e di possibili interconnessioni bi-direzionali sulla crescita e sul mercato del lavoro locale. A partire dal giugno 2024 un apposito Steering Committee ha iniziato a operare insieme ai principali attori pubblici e privati coinvolti nella mappatura delle infrastrutture di interconnessione energetica nel Mediterraneo. Diverse missioni in Tunisia e una serie di riunioni con i rappresentanti del Ministero dell’Energia tunisino hanno portato, come primo risultato concreto del progetto, all'avvio di una collaborazione tra Italia e Tunisia attraverso un Collaborative Framework siglato nell’autunno del 2025. I primi risultati della Roadmap sono stati presentati durante la Conferenza ""Africa Growth and Opportunity: Research in Action (AGORA)"", organizzata a Palermo dal 3 al 5 novembre 2025 da MEF, Banca d’Italia e World Bank Institute for Economic Development di Roma alla presenza di esperti, rappresentanti istituzionali e decisori politici con lo scopo di promuovere cooperazione e crescita tra Africa ed Europa.",Banca mondiale,"CESI, Res4Africa",Ministero dell'Economia e delle Finanze (MEF),0.7,EUR,,€700 mila,2 anni,In corso,Global Gateway/Team Europe; Banca Mondiale
FIC01,,Energia,Costa d'Avorio,1,Bilaterale,Supporto al programma di digitalizzazione e accesso al sistema elettrico nazionale della Costa d'Avorio (NEDA),Accesso all'energia elettrica,"Il contributo del Fondo Italiano per il Clima – per un importo fino a 100 milioni di euro – servirà a co-finanziare il programma National Electricity Digitalisation and Access (NEDA) sviluppato dalla Banca Mondiale – in quota International Development Association (IDA) nel 2022 e attualmente in corso di realizzazione, mediante concessione di un finanziamento sovrano concessionale in favore del Governo della Repubblica della Costa d’Avorio (che si aggiungerà ai 300 milioni di dollari stanziati della Banca Mondiale e ai 100 milioni di dollari del Governo della Costa d’Avorio). Il progetto è inquadrato nell'iniziativa Mission 300 della Banca Mondiale, che ambisce a portare accesso all'elettricità a 300 milioni di cittadini africani entro il 2030. L’iniziativa ha l’obiettivo di contribuire alla messa a terra dei programmi governativi di espansione e miglioramento della rete elettrica per il raggiungimento dell’obiettivo di garantire l'accesso universale alla rete di distribuzione dell’energia elettrica e di migliorare l’affidabilità e le prestazioni del servizio elettrico anche nelle regioni rurali, attraverso l’integrazione di soluzioni digitali e sistemi automatizzati. Il settore elettrico della Costa d’Avorio, seppur tra i più sviluppati della regione, è caratterizzato da forti emissioni di gas climalteranti, presenta criticità nelle infrastrutture di trasmissione e distribuzione nonché un significativo divario di accesso all’elettricità in particolare nelle zone rurali (il 52% della popolazione non vi ha accesso con conseguente ricorso a generatori diesel e lampade a kerosene). L'iniziativa si sviluppa attraverso tre componenti: la prima contribuirà alla mitigazione attraverso la costruzione o riabilitazione di oltre 3.400 km di linee elettriche e la connessione al servizio di rete di circa 250.000 famiglie, consentendo la sostituzione di tecnologie fossili non connesse alla rete per usi domestici e determinando una significativa riduzione di emissioni di gas serra; la seconda componente interesserà la riduzione delle perdite di rete e delle interruzioni di servizio e indirettamente tramite il miglioramento della capacità di integrazione delle fonti rinnovabili nel sistema elettrico nazionale; la terza ha l’obiettivo di rafforzare la governance, le procedure di gestione della conformità ambientale e sociale e quelle di capacity building tecnica e operativa delle istituzioni della Costa d'Avorio. L’intervento è coerente con le strategie nazionali di sviluppo sostenibile del settore energetico e di accesso universale all’elettricità, in particolare concorrendo a quattro programmi governativi: Programma Nazionale di Elettrificazione Rurale - PRONER; Programma Elettricità per Tutti - PEPT; Programma Nazionale di Estensione delle Reti - PRONEX; il Piano Automazione e Telecomunicazione – PDAT.",Compagnie Ivoirienne d’Électricité / Côte d’Ivoire Energies (CI‑Energies),Banca Mondiale,Fondo Italiano per il Clima,150.0,EUR,,€150 milioni,4 anni,Approvato,Banca Mondiale
FIC02,,Agricoltura/Pesca,Costa d'Avorio,1,Bilaterale,Supporto al progetto di sviluppo rurale per il Polo Agro-Industriale nel nord-est della Costa d’Avorio (2PAI-NE),Potenziamento dei sistemi di produzione agricola,"Il contributo del Fondo Italiano per il Clima – per uin importo fino a 100 milioni di euro – servirà a co-finanziare il Progetto per il Polo agro-Industriale nel Nord-Est – 2PAI-NE sviluppato con il Governo della Costa d’Avorio e cofinanziato (per un ammontare di 64,5 milioni di euro) dal Fondo Internazionale per lo sviluppo Agricolo (IFAD), con contributo aggiuntivo previsto da parte della Banca Africana di Sviluppo (AfDB) (per un ammontare di 93,2 milioni di euro) per un valore complessivo del progetto di circa 282,9 milioni di euro. L’operazione sostiene l’adattamento climatico delle filiere agricole del distretto nord-orientale di Zanzan. L’iniziativa ha l’obiettivo di migliorare la produttività e la capacità di trasformazione dei prodotti agricoli di colture selezionate mediante infrastrutture resilienti e l’accesso dei piccoli produttori a tecnologie e pratiche sostenibili. Ciò offrirà alla popolazione rurale opportunità di sviluppo e impiego nella catena del valore del riso e di altre colture e genererà al contempo benefici per la popolazione rurale in merito alla sicurezza alimentare e la parità di genere. In particolare le risorse verranno utilizzate per finanziare il rafforzamento dei sistemi di produzione agricola climate-smart connessi ai mercati mediante: - il miglioramento delle infrastrutture agricole, con l’introduzione di misure di protezione del suolo, sistemi idro-agricoli resilienti su 2.000 ettari di pianure alluvionali coltivate a riso e 200 ettari destinati all’orticultura, insieme alla diffusione di pratiche Climate Smart Agriculture (CSA); - il rafforzamento delle capacità dei piccoli produttori, attraverso la formazione sulle pratiche di CSA, lo sviluppo di un sistema regionale di informazione agro-climatica e il miglioramento della fase di gestione del raccolto agricolo. - il rafforzamento della resilienza delle comunità, volto a creare un’associazione in grado di favorire l’accesso al credito e migliorare alcuni bisogni di base. Il Polo nel Nord-Est sarà uno dei 9 hub di trasformazione e commercializzazione agricola realizzati in posizioni strategiche che contribuiranno a trasformare l’economia agricola della Nazione. L'ulteriore co-finanziamento della Banca Africana di Siluppo sarà finalizzato a rafforzare le capacità di trasformazione e commercializzazione delle medie e grandi imprese coinvolte nella catena del valore, favorendo l’integrazione con i piccoli produttori, le cooperative e le piccole e medie imprese. In termini di benefici attesi, secondo le stime IFAD, il progetto punta a rafforzare, entro il 2033, la resilienza climatica di circa 33.200 famiglie (209.000 individui) e di 17.100 piccoli produttori direttamente coinvolti nelle rispettive filiere. Circa 14 mila famiglie miglioreranno la propria sicurezza alimentare nelle aree a rischio climatico e 3.250 ettari di terre saranno gestiti secondo pratiche per migliorarne la resilienza e la biodiversità. Infine, l’intervento faciliterà l’accesso al credito a circa 8.000 individui. Il progetto concorre al raggiungimento degli obiettivi di adattamento della Costa d’Avorio al 2030 delineati nella National Determined Contribution del 2022 (con agricoltura, allevamento, foreste, uso dei suoli e risorse idriche come destinatari prioritari degli interventi) ed è coerente con gli obiettivi posti nel Piano Nazionale di Sviluppo 2021-2025 in termini di sviluppo dell’industrializzazione dell’economia. Specifica attenzione sulla promozione dei poli agro-industriali è anche presente nel secondo Programma Nazionale di Investimenti Agricoli 2018-2025 del Governo della Costa d’Avorio.","Governo Costa d'Avorio, Ministero delle Finanze",Fondo Internazionale per lo Sviluppo Agricolo (IFAD),Fondo Italiano per il Clima,100.0,EUR,,€100 milioni,8 anni,In corso,International Fund for Agricultural Development; Africa Development Bank
FIC03,,Energia,Egitto,1,Bilaterale,Supporto alla realizzazione di un impianto fotovoltaico in Egitto (Abydos II - Plafond Africa),Generazione elettrica da fonti rinnovabili e riduzione emissioni di gas serra,"Il finanziamento – a valere su risorse proprie di Cassa Depositi e Prestiti (CDP) nell’ambito di operatività dello strumento Plafond Africa – è destinato a sostenere la realizzazione e la successiva gestione di un impianto fotovoltaico da 1.000 MW, integrato con un sistema di accumulo di energia (Battery Energy Storage System – “BESS”) da 600 MWh nei pressi di Benban, nel Governatorato di Assuan in Egitto. Una volta completato, il progetto rappresenterà, in Africa, la più grande centrale in grado di combinare produzione fotovoltaica e stoccaggio di energia. Il progetto rientra in un programma emergenziale promosso dal Governo egiziano per installare nuova capacità di generazione elettrica da fonti rinnovabili per 4 GW (Emergency Power Programme) per contrastare la crisi energetica in atto (che negli ultimi anni ha sperimentato numerosi black-out elettrici a causa di un eccesso di domanda di elettricità) e ridurre la dipendenza dalle fonti fossili. L’iniziativa si inserisce in un più ampio co-finanziamento internazionale da 571,8 milioni di dollari, coordinato dalla International Finance Corporation (IFC) del Gruppo Banca Mondiale, che vede la partecipazione di altri partner internazionali quali la tedesca Deutsche Investitions (DEG), l’olandese Nederlandse Finan-Maats (FMO), la britannica British International Investment (BII), l’organizzazione intergovernativa OPEC Fund for International Development (OFID) e la Europe Arab Bank. Il progetto contribuisce a soddisfare in modo sostenibile la crescente domanda di energia dell’Egitto, con una riduzione delle emissioni di CO₂ pari a oltre 1 milione di tonnellate l’anno. Inoltre, grazie alla tecnologia impiegata, riduce sia la dipendenza dalle importazioni di combustibili fossili sia i costi dell’elettricità grazie a una tariffa di vendita competitiva rispetto al prezzo medio nazionale. L’iniziativa contribuisce agli obiettivi dei Nationally Determined Contributions (NDC) e della Strategia Integrata per l'Energia Sostenibile (ISES) 2015–2035 dell’Egitto, che fissano un target del 42% di energia rinnovabile entro il 2035 partendo dall’attuale 12,5% (IEA).",AMEA Power,International Finance Corporation (IFC),Plafond Africa,110.0,EUR,,€110 milioni,2 anni,In corso,Banca Mondiale
FIC04,,Infrastrutture fisiche e digitali; Salute; Acqua,Kenya,1,Bilaterale,Supporto al bilancio del Kenya per la realizzazione di investimenti a contrasto del cambiamento climatico,Realizzazione di investimenti a contrasto del cambiamento climatico,"L’intervento consiste in un finanziamento a sostegno delle politiche pubbliche (policy-based) del valore complessivo di 150 milioni di euro a favore del Governo della Repubblica del Kenya, a valere su risorse del Fondo Italiano per il Clima. L'iniziativa si inquadra nel contesto del programma Development Policy Financing finalizzato alla sostenibilità fiscale e alla crescita resiliente, promosso dalla Banca Mondiale per un valore complessivo di oltre 2,5 miliardi di dollari. Nello specifico il finanziamento rientra nell’ambito del Pilastro 3 del programma della Banca Mondiale dedicato al rafforzamento di politiche destinate a favorire la realizzazione di investimenti a contrasto del cambiamento climatico. Le iniziative previste dal DPF Kenya mirano a rendere l'economia del Kenya maggiormente resiliente, sostenendo gli sforzi del Governo per raggiungere i suoi obiettivi climatici attraverso 3 linee di intervento principali: (i) riduzione delle emissioni da combustibili fossili attraverso la promozione del settore dei trasporti maggiormente sostenibile: secondo le stime fornite dalla Banca Mondiale l'attuazione di politiche per ridurre la congestione urbana, sostenere l'uso di veicoli elettrici (e-mobility), implementare un piano regolatore dei trasporti nell'area metropolitana di Nairobi e l’offerta di servizi ferroviari in aree urbane consentiranno una notevole riduzione delle emissioni di anidride carbonica (circa 2,68 Milioni tonnellate); (ii) aumento della copertura forestale al fine di promuovere una gestione più sostenibile degli ecosistemi; e (iii) promozione degli strumenti di finanza climatica a supporto della trasformazione green della Nazione: l’implementazione di un mercato dei carbon credits per il Kenya e l’offerta di strumenti innovativi, quali i green bond, potrebbero supportare in maniera significativa la realizzazione di progetti per la mitigazione e l’adattamento ai cambiamenti climatici nel paese attraverso l’utilizzo di risorse finanziarie alternative alle classiche forme di debito. Il programma di Development Policy Financing della Banca Mondiale è coerente con gli impegni climatici del Kenya, compresi quelli assunti negli NDCs cosi come aggiornati nel 2020 e tiene conto della recente analisi climatica Climate Risk Country Profile di World Bank.",Governo della Repubblica del Kenya,,Fondo Italiano per il Clima,150.0,EUR,,€150 milioni,3 anni,In corso,Banca Mondiale
FIC05,,Acqua; Agricoltura/Pesca; Energia; Istruzione/Formazione/Cultura; Infrastrutture fisiche e digitali; Salute,Kenya,1,Bilaterale,Assistenza tecnica per lo sviluppo della finanza climatica in Kenya,Finanza sostenibile,"L'iniziativa fa seguito alla richiesta del Governo del Kenya di beneficiare di un contributo a fondo perduto in affiancamento al finanziamento sovrano da 150 milioni di euro a valere su risorse del Fondo Italiano per il Clima al fine di dare attuazione ad alcuni degli obiettivi ivi previsti, in particolare al raggiungimento degli obiettivi del programma di sviluppo della Banca Mondiale (Development Policy Financing - DPF) per la sostenibilità fiscale e la crescita resiliente, che includono, tra l’altro, lo sviluppo di strumenti innovativi di finanza climatica. L'obiettivo dell'iniziativa è lo sviluppo del primo strumento finanziario di debito sovrano di finanza climatica del Kenya (c.d. Sustainability-Linked Finance, SLF), contribuendo alla transizione verde del Kenya e permettendo di: - mobilitare capitali privati per l’azione climatica, collegando i termini finanziari a risultati raggiunti in ambito ambientale e sociale; - rafforzare la gestione del debito pubblico e diversificare le fonti di finanziamento; - ridurre i costi di accesso al mercato del debito attraverso la presenza di meccanismi di miglioramento del credito (credit enhancement) al raggiungimento di specifi obiettivi di sostenibiulità. In questo contesto il Governo del Kenya ha chiesto un supporto tecnico per la strutturazione e il monitoraggio dello strumento in particolare oer lo sviluppo del sistema di monitoraggio, rendicontazione e verifica degli indicatori (tra i quali prevenzione della deforestazione ed estensione dell'accesso all'elettricità nelle aree rurali) e per l'analisi tecnica e la strutturazione finanziaria dello strumento. Il Sustainability Linked Framework si basa sul raggiungimento di obiettivi di sostenibilità (Key Performance Indicators- KPI), in particolare per la riduzione della deforestazione e l’incremento dei livelli di accesso a fonti energetiche pulite. Il progetto prevede due componenti: 1) lo sviluppo di un sistema di monitoraggio, rendicontazione e verifica (MRV); 2) l’analisi tecnica e la strutturazione finanziaria dello strumento finanziario, con la definizione delle caratteristiche dell’emissione, la predisposizione della documentazione contrattuale, consultazioni di mercato e con agenzie di rating per massimizzare l’interesse degli investitori. Il progetto rafforza la capacità istituzionale della Nazione di attuare tali priorità, contribuendo alla definizione di un quadro condiviso per la finanza sostenibile, alla costruzione di un sistema nazionale di monitoraggio, rendicontazione e verifica, allo sviluppo di strumenti per mobilitare capitale privato e a facilitare la creazione di un mercato per la finanza climatica. L'iniziativa inoltre genererà una serie di co-benefici ambientali (riduzione della deforestazione, rafforzamento capacità istituzionale di gestione delle risorse naturali, protezione della biodiversità). L'iniziativa è coerente con le strategie climatiche nazionali e con gli impegni assunti dalla Nazione nell'ambito dell'Accordo di Parigi (Nationally Determined Contributions del 2020, Climate Change Act del 2016, National Climate Change Action Plan 2023-2027, National Adaptation Plan 2015-2030).","Banca Mondiale, Governo del Kenya",Banca Mondiale,Fondo Italiano per il Clima,3.0,EUR,,€3 milioni,4 anni,Approvato,Banca Mondiale
FIC06,,Acqua,Marocco,1,Bilaterale,Supporto al programma di sostegno alla strategia nazionale dell'acqua del Marocco,Gestione delle risorse idriche,"L'iniziativa prevede la concessione di un finanziamento sovrano a sostegno delle politiche pubbliche (policy-based) a condizioni concessionali per un importo fino a 100 milioni di euro a valere sulle risorse del Fondo Italiano per il Clima in favore del Governo del Regno del Marocco a supporto del Programma di sostegno alla Strategia Nazionale dell’Acqua. Il Programma si configura come un co-finanziamento congiunto nell’ambito di un’iniziativa promossa secondo l’approccio Team Europe dal valore complessivo di €347,3 milioni e originato dal partenariato tra istituzioni finanziarie per lo sviluppo europee denominato Joint European Financiers for International Cooperation (JEFIC), con il finanziamento da parte dell’Agenzia di Sviluppo francese - Agence Française de Développement (AFD) e della banca di sviluppo tedesca - Kreditanstalt für Wiederaufbau (KFW), e con la partecipazione della Commissione Europea. Il programma è finalizzato a sostenere il Governo del Marocco nell’attuazione di riforme legislative e regolamentari e nella realizzazione di studi specialistici e opere civili per assicurare una gestione integrata e sostenibile delle risorse idriche sia di superficie che sotterranee in grado di rafforzare la resilienza al cambiamento climatico del sistema idrico nazionale, integrando allo stesso tempo i principi di eguaglianza di genere. Il programma di sostegno si articola in 4 assi d’azione suddivisi in 17 riforme e interventi, definiti in linea con le esigenze prioritarie del Governo del Marocco e in particolare con gli obiettivi della Strategia Nazionale dell’Acqua. In particolare, l’Iniziativa si prefigge di raggiungere questo obiettivo attraverso una migliore conoscenza delle risorse idriche e dell'impatto del cambiamento climatico, la promozione della gestione integrata degli eventi idrologici estremi, come siccità e inondazioni, la conservazione delle risorse idriche e della biodiversità, il potenziamento degli strumenti di gestione integrata resiliente e inclusiva delle risorse idriche e il miglioramento del quadro di governance per l'attuazione della politica idrica nazionale. Le riforme proposte puntano a contrastare la scarsità d’acqua in Marocco attraverso il miglioramento della conoscenza del territorio e della situazione di stress idrico, ma anche tramite l’attuazione di un quadro normativo e di interventi specifici volti a promuovere la tutela della risorsa idrica sia in termini di qualità che di quantità. Il finanziamento da parte del Fondo Italiano per Clima all’iniziativa in oggetto dell’operazione risulta coerente con le priorità nazionali del Marocco definite nei principali documenti programmatici elaborati in linea con le convenzioni internazionali. Oltre alla Strategia Nazionale per l’Acqua del Marocco, il Governo marocchino ha confermato l’importanza strategica delle risorse idriche, ponendo la gestione sostenibile e resiliente al cambiamento climatico al centro della Strategia Nazionale per lo Sviluppo Sostenibile (SNDD) approvata dal Re nel 2017 e del Nuovo Modello di Sviluppo (NMD) adottato nel 2021, che promuove la conservazione delle risorse naturali e della biodiversità, il rafforzamento della resilienza regionale ai cambiamenti climatici e la protezione delle scarse risorse idriche per le generazioni attuali e future.",Direzione Generale dell’Idraulica (DGH) del Ministero delle Acque e delle Infrastrutture Idriche del Marocco,"Unione Europea, Banca Africana di Sviluppo (AfDB), Banca di Sviluppo tedesca (KFW)",Fondo Italiano per il Clima,100.0,EUR,,€100 milioni,3 anni,Approvato,Global Gateway/Team Europe
FIC07,,Energia,Mozambico,1,Bilaterale,Supporto al programma Accelerating Sustainable and Clean Energy Access Transformation (ASCENT) in Mozambico,Accesso all'elettricità,"Il contributo del Fondo Italiano per il Clima per un importo fino a 100 milioni di euro è destinato a finanziare la +ENERGIA Off-Grid Finance Facility, una piattaforma nazionale di finanziamento creata nel 2024 dal Governo del Mozambico, con il supporto della Banca Mondiale, per mobilitare le aziende private per la realizzazione di sistemi rinnovabili non connessi alla rete elettrica nazionale (off-grid) per famiglie e servizi pubblici (es. strutture sanitarie) nelle aree rurali remote, con un focus su quattro Province del centro-nord della Nazione. Il finanziamento si inserisce nell’ambito del programma multi-paese e multi-fase della Banca Mondiale Accelerating Sustainable and Clean Energy Access Transformation – (ASCENT) per l’elettrificazione dell’Africa orientale e meridionale, a sua volta parte integrante dell’iniziativa flagship “Mission 300” promossa dalla Banca Mondiale in collaborazione con la Banca Africana di Sviluppo per garantire l’accesso all’elettricità a 300 milioni di persone in africa entro il 2030. Il finanziamento del Fondo Italiano per il Clima consentirà alla Facility di raggiungere una dimensione complessiva di oltre 150 milioni di dollari, grazie anche a circa 50 milioni di dollari di risorse a dono già approvate da Banca Mondiale, creando le condizioni abilitanti per mobilitare fino a 250 milioni di dollari di capitale privato entro il 2036. La Facility utilizza bandi pubblici per fornire sussidi finanziari che incentivino l’installazione, da parte di imprese private, di tecnologie di taglia micro e mini per la produzione e distribuzione di energia da fonti rinnovabili, quali sistemi solari domestici, reti a maglia (mesh-grids), e mini-reti (mini-grids), garantendo così l’accesso ad energia pulita ai segmenti più svantaggiati della popolazione. La produzione di energia da fonti rinnovabili nelle aree designate permetterà di sostituire (o significativamente ridurre) l’utilizzo di tecnologie e combustibili fossili per i bisogni elettrici e meccanici (generatori diesel) e per l’illuminazione (lampade a kerosene) aumentando l’accesso all’energia pulita e sostenibile con conseguente abbattimento delle emissioni di gas serra. Nel suo insieme, il progetto contribuisce alla decarbonizzazione del mix energetico nelle aree rurali del Mozambico, abbatte la povertà energetica delle popolazioni che vivono in aree remote e favorisce uno sviluppo sostenibile basato su soluzioni energetiche pulite, economiche ed affidabili, alternative al servizio elettrico nazionale e alle fonti convenzionali. In particolare, secondo le stime di Banca Mondiale, con riferimento alle utenze domestiche, entro il 2030, un milione di famiglie (4,5 milioni di persone) beneficerà di accesso all’energia pulita, economica e affidabile, per un totale di 35 MW installati, equivalenti a 445 mila tonnellate di anidride carbonica evitate e 250 strutture sanitarie potranno approvvigionarsi di elettricità da sistemi solari fotovoltaici autonomi, per un totale di 3,8 MW installati, evitando l’emissione di 21 mila tonnellate di anidride carbonica. Il finanziamento italiano si allinea con l’impegno del Governo del Mozambico di promuovere l’accesso universale all’energia elettrica entro il 2030 formulato nel Programa Nacional de Energia par Todos del 2018 e con la strategia nazionale elaborata (National Electrification Strategy 2018-2030) che stima che il 30% delle nuove connessioni totali avverrà in aree non servite dalla rete elettrica nazionale (off-grid) tramite soluzioni tecnologiche di micro e mini-generazione, nonché contribuisce in maniera diretta agli obiettivi fissati dal Governo del Mozambico nel National Energy Compact, documento che sancisce l’impegno del Governo nell’ambito dell’iniziativa Mission 300.","Fundo de Energia (FUNAE), ente pubblico sotto il Ministero delle Risorse Minerarie ed Energia (MIREME)",Banca Mondiale,Fondo Italiano per il Clima,100.0,EUR,,€100 milioni,4 anni,Approvato,Banca Mondiale
FIC08,,Acqua; Agricoltura/Pesca; Energia; Istruzione/Formazione/Cultura; Infrastrutture fisiche e digitali; Salute,Ruanda,1,Bilaterale,Finanziamento in favore della Banca di sviluppo del Ruanda di sviluppo per progetti di rafforzamento della resilienza climatica,Transizione verde,"Il contributo del Fondo Italiano per il Clima prevede la concessione di un finanziamento per un importo di 30 milioni di euro in favore della banca di sviluppo del Ruanda (Banque Rwandaise de Développement - BRD), per il finanziamento di progetti di rafforzamento della resilienza climatica nel Paese. L’iniziativa si pone in sinergia con il finanziamento sovrano a sostegno di politiche pubbliche (policy-based) di 50 milioni di euro concesso dal Fondo Clima in favore del Ministero delle Finanze e della Pianificazione Economica “Minecofin” del Ruanda per supportare riforme green di mitigazione e di adattamento nella Nazione. L’operazione di finanziamento della banca di sviluppo del Ruanda si inserisce nell’ambito della IREME Investment Facility, programma strategico del Governo ruandese lanciato alla COP27 per mobilitare risorse destinate a progetti verdi e di resilienza climatica, con due componenti principali: una Credit Facility per raccogliere finanziamenti da destinare a progetti ammissibili, gestita da BRD, e una Project Preparation Facility per sostenere la preparazione dei progetti, gestita dal Rwanda Green Fund (“FONERWA”). BRD ha dunque il compito di raccogliere finanziamenti internazionali a sostegno del programma nonché di selezionare e finanziare progetti ammissibili all’iniziativa. La Banca Ruandese di Sviluppo potrà utilizzare i proventi dell’emissione per concedere finanziamenti legati ai seguenti settori: (i) generazione, distribuzione e stoccaggio di energia rinnovabile (ad esempio energia solare, eolica, geotermica e idroelettrica); (ii) efficienza energetica (miglioramenti dell'efficienza energetica in illuminazione e attrezzature); (iii) ammodernamento della flotta di veicoli green utilizzati per il trasporto urbano e installazione di colonnine di ricarica; (iv) clean cooking; (v) adozione di tecnologie sostenibili e low-emitting nel comparto della produzione delle plastiche biodegradabili; (vi) abitazioni sostenibili e resistenti al clima. L'ammontare del finanziamento italiano sarà utilizzato per i soli progetti ammissibili rispetto ai criteri Rio Marker 2, in cui risulti manifesto l’obiettivo principale di contribuire alla mitigazione e/o all’adattamento al cambiamento climatico e una chiara quantificazione dell’impatto in termini di riduzione delle emissioni di gas serra e/o di beneficiari della maggiore resilienza ad eventi climatici estremi. La Banca ha il mandato di garantire lo sviluppo del settore privato in Ruanda e promuovere la crescita in settori cruciali per il raggiungimento degli obiettivi individuati nella National Strategy for Transformation ovvero la strategia settennale di sviluppo del Ruanda predisposta per il 2017-2024 (NST1) e 2024-2031 (NST2) e nella Rwanda Green Growth and Climate Resilience Strategy (GGCRS)11 oltre al raggiungimento dei Sustainable Development Goals (SDG) e delle Nationally Determined Contributions (NDCs) nell’ambito degli accordi di Parigi.",Banca di Sviluppo del Ruanda,,Fondo Italiano per il Clima,30.0,EUR,,€30 milioni,3 anni,Approvato,
FIC09,,Agricoltura/Pesca,Senegal,1,Bilaterale,Finanziamento per la sovranità alimentare in Senegal,Rafforzamento sicurezza alimentare e resilienza climatica,"L’iniziativa si configura come un finanziamento sovrano in favore della Repubblica del Senegal per un importo fino a 90 milioni di euro – per sostenere il Progetto di Supporto alla Sovranità Alimentare in Senegal (Support to food Sovereignity in Senegal Project – SFSP) sviluppato dal Fondo Internazionale per lo sviluppo agricolo (IFAD) con il Governo della Repubblica del Senegal. Il progetto (del valore complessivo di circa 257 milioni di euro è finalizzato a migliorare la sicurezza alimentare della popolazione rurale e la resilienza agli shock di varia natura, incluso il cambiamento climatico. L'obiettivo sarà perseguito attraverso il rafforzamento della sovranità alimentare, migliorando la produzione, la produttività, la sostenibilità e la resilienza climatica di colture tradizionali locali selezionate, nonché i redditi dei produttori agricoli vulnerabili, in particolare donne e giovani. Il contributo del Fondo Italiano per il Clima – che permetterà di allargare l’iniziativa dell’IFAD alle regioni di Djourbel, Fatick, Kedogou, Kolda, Louga, Matam e Sedhiou – si concentrerà sulla prima componente del progetto, ovvero la diversificazione e stabilizzazione della base produttiva e miglioramento della produttività, della sostenibilità, della resilienza al cambiamento climatico e della nutrizione. Le risorse italiane saranno utilizzate per la realizzione di attività di: 1. Gestione e sviluppo integrato delle risorse idriche e del suolo. All'interno dei bacini produttivi selezionati nelle varie regioni, 18 clusters di villaggi saranno individuati per l’attuazione di piani di sviluppo territoriale per l’adattamento al cambiamento climatico, al fine di migliorare la gestione delle risorse naturali (principalmente acque sotterranee e fertilità del suolo) a livello comunitario; 2. Promozione della diversificazione, della sostenibilità e della resilienza della produzione agricola. L’iniziativa sosterrà la ricerca applicata e la diffusione di innovazioni tecnologiche e metodologiche (tra le quali l’introduzione e/o il recupero di colture tradizionali) e pratiche per migliorare la produttività agricola e la resilienza al cambiamento climatico. Verranno messi a disposizione fino a 900 campi scuola agropastorali per le attività di formazione da parte delle organizzazioni e istituzioni locali preposte, con il sostegno di ONG e tecnici locali; 3. Miglioramento della sicurezza nutrizionale delle famiglie e sostegno all’emancipazione di genere. Con l’operazione si promuovono, in maniera integrata, misure utili a rafforzare la resilienza delle popolazioni e degli ecosistemi anche attraverso l’introduzione di: (i) pratiche agroecologiche (tra cui la diversificazione e la consociazione delle colture); (ii) sementi certificate di varietà più adatte alle elevate temperature e più resistenti alla siccità; (iii) pratiche di agroforestazione per proteggere il suolo e favorire la conservazione dell’acqua; (iv) siepi e zone cuscinetto per mitigare l’impatto dei venti e delle inondazioni. Si prevede anche la fornitura di attrezzature adeguate a consentire ai piccoli produttori di praticare un’agricoltura resiliente agli shock legati agli eventi climatici estremi. Infine, l’Iniziativa mira a rafforzare le strategie di adattamento climatico valorizzando tecniche sia tradizionali (i.e. consociazioni tra colture) che innovative (i.e. introduzione di pratiche agroecologiche come la produzione di bio pesticidi e bio fertilizzanti), tenendo conto delle dimensioni sociali, economiche e ambientali delle comunità locali coinvolte. Secondo le stime di IFAD il progetto prevede di raggiungere circa 200.000 famiglie di agricoltori e circa 2.400.000 beneficiari diretti e indiretti. Le attività sono concepite in clusters corrispondenti ai bacini di produzione e ai mercati locali, pertanto, sono facilmente replicabili e scalabili in ulteriori zone d’intervento. Gli interventi si inseriscono all’interno del quadro delle attività sostenute dal Sistema di Cooperazione Italiana allo Sviluppo nel settore agricolo del Senegal e si allinea pienamente con gli obiettivi della Strategia Senegal 2050 (visione di lungo periodo fondata sulla sovranità produttiva come leva per il benessere della popolazione), con gli assi strategici della Strategia nazionale di Sviluppo 2025-2029 della Nazione africana, nonchè con il programma regionale della Grande Muraglia Verde.","Governo del Senegal - Ministero dell’Agricoltura, della Sovranità Alimentare e dell’Allevamento",Fondo Internazionale per lo Sviluppo Agricolo (IFAD),Fondo Italiano per il Clima,90.0,EUR,,€90 milioni,6 anni,Formulato,International Fund for Agricultural Development
FIC10,,Energia,Sudafrica,1,Bilaterale,Finanziamento alla Banca di Sviluppo del Sudafrica per sostenere la transizione energetica,Transizione energetica e riduzione emissioni gas serra,"L'iniziativa concerne la concessione di un finanziamento da parte del Fondo Italiano per il Clima per un importo di 80 milioni di euro in favore della principale Banca Pubblica di Sviluppo Sudafricana (DBSA), interamente controllata dal Governo sudafricano e con il mandato di promuovere lo sviluppo infrastrutturale ed energetico nelle Nazioni parte della Southern African Development Community (SADC) e più in generale nell'Africa subsahariana. L'obiettivo è sostenere la transizione energetica del Sudafrica favorendo la riduzione della dipendenza dall'energia termica (in particolare da fonti fossili) e incentivando progettualità di sviluppo sostenibile nel settore delle energie rinnovabili. Gli interventi potranno generare impatti diretti positivi in termini di riduzione delle emissioni di gas serra attraverso la sostituzione dell'elettricità prodotta da combustibili fossili. Ciò contribuirebbe direttamente al miglioramento della qualità dell'aria e a una maggiore sicurezza e affidabilità del sistema energetico nazionale attraverso la diversificazione delle fonti di produzione di energia. Le risorse saranno destinate esclusivamente a progetti ammissibili ai sensi dei criteri Rio Marker 2, con obiettivo primario di mitigazione del cambiamento climatico e una chiara quantificazione dell’impatto in termini di riduzione delle emissioni di gas serra . Tra i progetti sostenuti vi è la realizzazione di tre parchi eolici denominati “Impofu Wind Cluster” e comprende la costruzione di una linea di trasmissione di circa 120 km, nella provincia di Eastern Cape, necessaria al collegamento delle 57 turbine con la rete di trasmissione nazionale.Gli impianti eolici a regime potranno contribuire alla riduzione di circa 1 milione di tonnellate di anidride carbonica all'anno. L'iniziativa si pone in linea con il Piano di Investimenti per la Transizione energetica approvato nel 2022 dal Governo del Sudafrica denominato South African Just Energy Transition Investment Plan (JET-IP) 2023-2027, nonchè con gli obiettivi di mitigazione ripresi dal Piano Nazionale di sviluppo al 2030 (National Development Plan 2030) e con gli impegni in termini di riduzione delle emissioni di cui al First Nationally Determined Contribution aggiornato nel 2021. Essa è inoltre in sinergia con il più ampio programma di finanziamento di infrastrutture energetiche rinnovabili della Banca nonchè con il programma Embedded Generation Investment Program (EGIP) gestito da DBSA con l'obiettivo di finanziare progetti di generazione distribuita di energia da solare fotovoltaioco ed eolico e supportato da partner finanziari internazionali quali la Banca Europea per gli Investimenti - BEI (nel 2022) e il Green Climate Fund (nel 2019).",Development Bank of Southern Africa (DBSA),,Fondo Italiano per il Clima,80.0,EUR,,€80 milioni,1 anno,Approvato,
FIC12,,Infrastrutture fisiche e digitali,"Egitto, Tunisia, Marocco, Algeria, Kenya, Etiopia, Mozambico, Repubblica del Congo, Costa d'Avorio, Angola, Ghana, Mauritania, Senegal, Tanzania, Gabon, Ruanda, Repubblica Democratica del Congo, Zambia",18,Transnazionale,Investimento in favore del programma The Alliance for Green Infrastructure in Africa per lo sviluppo di infrastrutture sostenibili nel continente africano (AGIA-PD),Potenziamento della capacità di sviluppo di progetti nel settore delle infrastrutture verdi,"Il contributo del Fondo Italiano per il Clima - per un importo fino a 40 milioni di dollari - è finalizzato alla partecipazione al fondo di private equity AGIA Project Development Fund (AGIA PD), gestito da Africa50 per lo sviluppo di infrastrutture verdi e sostenibili in Africa. L'investimento fa parte della più ampia iniziativa per lo sviiluppo di progetti infrastrutturali in Africa (The Alliace for Green Infrastructure in Africa) - lanciato alla COP28 dalla Banca Africana di Sviluppo (AfDB) - allo scopo di sviluppare progetti bancabili nel settore delle infrastrutture verdi, mobilitare capitali privati per finanziare la transizione ecologica del continente e creare un portafoglio di progetti di alta qualità per migliorare la resilienza climatica. Africa50, istituzione panafricana per lo sviluppo di progetti infrastrutturali di medie e grandi dimensioni, è stata creata da AfDB nel 2012 come risposta alla Declaration on the Programme for Infrastructure Development in Africa (PIDA), attraverso la quale i Capi di stato africani hanno esortato alla creazione di soluzioni innovative per accelerare lo sviluppo infrastrutturale nel continente africano, obiettivo facente parte dell’Agenda 2063 dell'Unione Africana. La partecipazione al Fondo - con una dimensione attesa di 400 milioni di dollari - ha l’obiettivo di effettuare investimenti tramite strumenti di equity/ quasi equity per sviluppare infrastrutture verdi sostenibili e bancabili, finanziando la fase più embrionale del ciclo di vita dei progetti infrastrutturali (cd. project development), fase che precede la costruzione e generalmente risente maggiormente di carenza di risorse alla luce del relativo profilo di rischio. I progetti sostenuti dal Fondo mirano i) alla riduzione delle emissioni di gas a effetto serra (mitigazione) in particolare attraverso lo sviluppo di progetti infrastrutturali e ii) in maniera residuale, al contenimento del grado di vulnerabilità delle popolazioni locali e di settori chiave dell’economia dei paesi target al cambiamento climatico (adattamento). Gli obiettivi di allocazione delle risorse del Fondo AGIA PD prevono la destinazione del 40% degli investimenti al settore energetico (sviluppo di impianti di generazione e infrastrutture di trasmissione), il 20% ai trasporti (sviluppo di tecnologie smart pr veicoli elettrici, infrastrutture di ricarica e progetti di trasporto urbano sostenibile), il 15% alle telecomunicazioni (data center sostenibili ed efficienza energetica delle infrastrutture di trasmissione) e il 10% al settore idrico (sistemi di trattamento delle acque reflue e miglioramento infrastrutture per cattura e stoccaggio dell'acqua).",Africa50 PD Manager gestore del fondo,,Fondo Italiano per il Clima,40.0,EUR,,€40 milioni,10 anni,In corso,Africa Development Bank
FIC13,,Infrastrutture fisiche e digitali,"Egitto, Tunisia, Marocco, Algeria, Kenya, Etiopia, Mozambico, Repubblica del Congo, Costa d'Avorio, Angola, Ghana, Mauritania, Senegal, Tanzania, Gabon, Ruanda, Repubblica Democratica del Congo, Zambia",18,Transnazionale,Assistenza tecnica in favore del programma di sviluppo The Alliance for Green Infrastructure in Africa Project Preparation (AGIA-PP),Sviluppo delle capacità progettuali per infrastrutture verdi,"L’intervento prevede l'erogazione, da parte del Fondo Italiano per il Clima, di un contributo a fondo perduto, pari a 5 milioni di dollari, a sostegno dell’iniziativa AGIA‑PP (Alliance for Green Infrastructure in Africa – Project Preparation), gestita dalla Banca Africana di Sviluppo (AfDB) attraverso gli Special Funds SEFA (Sustainable Energy Fund for Africa) e NEPAD‑IPPF (Infrastructure Project Preparation Facility). L'investimento fa parte della più ampia iniziativa per lo sviiluppo di progetti infrastrutturali in Africa (The Alliace for Green Infrastructure in Africa) - lanciato alla COP28 dalla Banca Africana di Sviluppo - allo scopo di sviluppare progetti bancabili nel settore delle infrastrutture verdi, mobilitare capitali privati per finanziare la transizione ecologica del continente e creare un portafoglio di progetti di alta qualità per migliorare la resilienza climatica. AGIA-PP mira alla raccolta di fondi a dono per 100 milioni di dollari, da utilizzare nella fase di project preparation in ambito pubblico e privato a sostegno della fase di ideazione, creazione di un contesto idoneo ed analisi di fattibilità a beneficio dei progetti di AGIA PD, mediante l’utilizzo di due Special Funds esistenti di AfDB – SEFA per i progetti legati alle energie rinnovabili e NEPAD-IPFF per le iniziative nei restanti settori (trasporti, acqua, infrastrutture, ICT e sanità). Le risorse saranno impiegate per attività di project preparation nelle Nazioni africane, incluse analisi di fattibilità, valutazioni ambientali e sociali, supporto regolatorio, progettazione tecnica e assistenza alla strutturazione di partenariati pubblico‑privati, con l’obiettivo di creare una pipeline di progetti infrastrutturali verdi, resilienti e bancabili in linea con gli obiettivi climatici e settoriali del programma AGIA. I progetti così preparati saranno successivamente sottoposti al fondo AGIA‑PD, che utilizzerà gli studi e le analisi prodotti nell’ambito di AGIA‑PP come base tecnica per le proprie decisioni di investimento, assicurando un continuum tra preparazione e sviluppo progettuale. Il Fondo Italiano per il Clima sarà rappresentato negli organi di governance di entrambi gli Special Funds, consentendo di partecipare all’indirizzo strategico, di monitorarne le attività e di esprimersi sull’approvazione delle operazioni di preparazione del progetto. Tutti i progetti saranno allineati agli obiettivi climatici stabiliti a livello nazionale, in particolare agli impegni assunti nell’ambito dell’Accordo di Parigi e nei Nationally Determined Contributions di ciascuna Nazione africana.","Banca Africana di Sviluppo (AfDB), Sustainable Energy Fund for Africa (SEFA) e Infrastructure Project Preparation Facility (NEPAD‑IPPF–NEPAD)",,Fondo Italiano per il Clima,5.0,EUR,,€5 milioni,10 anni,Approvato,Africa Development Bank
FIC14,,Infrastrutture fisiche e digitali,"Egitto, Tunisia, Marocco, Algeria, Kenya, Etiopia, Mozambico, Repubblica del Congo, Costa d'Avorio, Angola, Ghana, Mauritania, Senegal, Tanzania, Gabon, Ruanda, Repubblica Democratica del Congo, Zambia",18,Transnazionale,Investimento nel fondo Infrastructure Climate Resilient Fund LP (ICRF),Sviluppo infrastrutture resilienti al cambiamento climatico,"L’intervento prevede un investimento da parte del Fondo Italiano per il Clima fino a 35 milioni di dollari a favore dell’Infrastructure Climate Resilient Fund LP, un fondo di equity gestito da AFC Capital Partners - società detenuta al 100% da Africa Finance Corporation - dedicato allo sviluppo di infrastrutture resilienti al cambiamento climatico in Africa. Il Fondo ICRF, al quale si propone l’adesione, è stato creato per promuovere interventi con obiettivi di adattamento (70% delle risorse) e di mitigazione ai cambianti climatici (30% residuale), volti a migliorare la qualità, la resilienza climatica e longevità delle infrastrutture quali ad esempio strade, porti, ponti, ferrovie, e impianti fotovoltaici, con particolare attenzione al crescente impatto del cambiamento climatico in Africa e alle relative conseguenze sul benessere sociale ed economico delle comunità locali. La strategia di investimento del Fondo si basa sull'accesso a capacità di originazione e a una pipeline privilegiata di opportunità e su competenze tecniche in ambito infrastrutturale maturate da AFC in oltre 15 anni di attività in qualità di finanziatore e co-sviluppatore di progetti strategici nel continente africano. Gli interventi di realizzazione delle infrastrutture funzionali allo sviluppo economico (ad es. porti, ferrovie e capannoni) prevedono soluzioni tecniche tali da renderli anche maggiormente resilienti al cambiamento climatico contribuendo dunque, all’adattamento climatico con beneficiari diretti e indiretti pari a circa 24 milioni di persone. Gli interventi di mitigazione prevedono l’installazione di impianti di energia rinnovabile (eolica e solare) contribuendo in via prioritaria alla riduzione delle emissioni di gas serra di circa 33 milioni di tonnellate di anidride carbonica all’anno (stime AFC). Tra le iniziative sostenute dal Fondo, il progetto del Corridoio di Lobito (Greenfield Zambia–Lobito Railway ), riguarda la realizzazione di una dorsale infrastrutturale che collega il porto di Lobito, situato sulla costa atlantica dell’Angola, con le aree interne della Repubblica Democratica del Congo e dello Zambia. Si tratta di un’infrastruttura strategica, destinata a favorire lo sviluppo economico regionale, anche attraverso la gestione di risorse minerarie, con l’obiettivo di trasformare il porto di Lobito in un hub di rilievo per l’export africano verso i mercati internazionali, rafforzando la posizione dell’area. L’infrastruttura faciliterà l’esportazione di materie critiche (i.e rame, cobalto e litio) – essenziali per la transizione verde – migliorando l’efficienza logistica, riducendo i tempi di trasferimento delle merci e abbassando i relativi costi di trasporto L’intervento del Fondo Italiano per il Clima risulta pienamente coerente con le priorità strategiche dei Governi partner, in particolare con i Nationally Determined Contributions (NDC) previsti dall’Accordo di Parigi, contribuendo concretamente al raggiungimento degli obiettivi climatici di lungo periodo.",Africa Finance Corporation (AFC) Capital Partners (ACP) - gestore di Infrastructure Climate Resilient Fund (ICRF),,Fondo Italiano per il Clima,35.0,EUR,,€35 milioni,5 anni,Approvato,
FIC15,,Agricoltura/Pesca,Kenya,1,Bilaterale,Assistenza tecnica per aumentare la copertura forestale del Kenya,Aumento della copertura forestale e promozione dell'ecoturismo,"L’intervento consiste in un programma di assistenza tecnica del Fondo Italiano per il Clima, del valore di 2,5 milioni di euro, volto a favorire l’aumento della copertura forestale in Kenya tramite azioni finalizzate allo sviluppo sostenibile di partenariati pubblici e privati per la commercializzazione dei prodotti forestali non legnosi e la promozione dell’ecoturismo. Il progetto ambisce a valorizzare i prodotti forestali non legnosi a elevato potenziale impatto economico, ambientale e sociale e a rendere più sostenibile l’offerta turistica del Kenya attraverso lo sviluppo dell’ecoturismo e il coinvolgimento delle comunità locali. L'iniziativa si affianca al finanziamento sovrano da 150 milioni di euro a valere su risorse del Fondo Italiano per il Clima a sostegno del programma di sviluppo sostenibile del Kenya strutturato dalla Banca Mondiale ""Development Policy Financing"" (DPF), che include, tra gli altri, l’aumento della copertura forestale della Nazione, nonchè al contributo a fondo perduto di 3 milioni di euro per assistenza tecnica concesso in favore del Governo del Kenya per sviluppare strumenti innovativi di finanza per il clima, in linea con gli obiettivi del programma della Banca Mondiale. Se il DPF agisce principalmente sul piano macro-fiscale e normativo, promuovendo riforme di politiche e misure istituzionali trasversali, il programma di assistenza tecnica traduce tali riforme in azioni concrete sul territorio, rafforzando le capacità di attuazione degli attori locali. Le attività di assistenza tecnica sono coordinate da SOGESID S.p.A., società ingegneristica in house providing del Ministero dell'Ambiente e della Sicurezza Energetica (MASE) e del Ministero delle Infrastrutture e dei Trasporti (MIT), ed eseguite con l’ausilio di partner scientifici italiani quali l’Università della Tuscia, il Consiglio per la Ricerca in agricoltura e l’analisi dell’Economia Agraria (CREA), congiuntamente a partner locali, quali il National Environment Trust Fund (“NETFUND”) e in coordinamento con la sede dell’Agenzia Italiana per la Cooperazione allo Sviluppo di Nairobi. Le attività includono analisi delle risorse forestali, studi di mercato e delle catene del valore, creazione di aree produttive pilota, sviluppo di modelli imprenditoriali, percorsi di formazione agraria e gestionale, istituzione e supporto a Destination Management Organizations (DMOs) e valutazioni di sostenibilità ambientale basate su bioindicatori. L’intervento integra attività avanzate di capacity building, tra cui borse di studio, fellowship e visite di studio, per consolidare competenze locali e favorire la replicabilità del modello. In questo modo, il progetto contribuisce alla mitigazione del cambiamento climatico, alla protezione della biodiversità e alla creazione di nuove opportunità economiche verdi per le comunità rurali keniote. Dal punto di vista della mitigazione, l’iniziativa contribuisce alla riduzione delle emissioni di gas serra attraverso la conservazione delle foreste esistenti e la promozione di pratiche di uso sostenibile del suolo, come l’agroforestazione. Sul piano dell’adattamento, gli obiettivi del progetto quali la promozione dei prodotti forestali non legnosi e la diversificazione delle fonti di reddito con conseguente riduzione della pressione sulle risorse naturali rientrano tra le azioni di adattamento previste dalle NDC e dal Medium Term Plan IV (2023–2027), che promuovono lo sviluppo di 375.000 ettari di piantagioni commerciali.",Sogesid,,Fondo Italiano per il Clima,2.5,EUR,,"€2,5 milioni",30 mesi,Approvato,
FIC16,,Acqua; Agricoltura/Pesca; Energia; Istruzione/Formazione/Cultura; Infrastrutture fisiche e digitali; Salute,"Egitto, Tunisia, Marocco, Algeria, Kenya, Etiopia, Mozambico, Repubblica del Congo, Costa d'Avorio, Angola, Ghana, Mauritania, Senegal, Tanzania, Gabon, Ruanda, Repubblica Democratica del Congo, Zambia",18,Transnazionale,Contributo in favore del Fund for Responding to Loss and Damage (FRLD),Promozione misure strutturali per la riduzione della vulnerabilità agli impatti negativi del cambiamento climatico,"L’intervento consiste nell’erogazione, da parte del Fondo Italiano per il Clima, di un contributo a fondo perduto fino a €20 milioni – di cui 10 milioni a valere sulla Quota Piano Mattei – a favore del Fund for Responding to Loss and Damage (FRLD). Il FRLD è stato istituito nell’ambito della Convenzione Quadro delle Nazioni Unite sui Cambiamenti Climatici e dell’Accordo di Parigi, con l’obiettivo di fornire risorse finanziarie aggiuntive ai Paesi in via di sviluppo particolarmente vulnerabili agli impatti negativi del cambiamento climatico, per affrontare in modo efficace le perdite e i danni già verificatisi e, ove possibile, prevenirne o ridurne l’entità. Si tratta di danni economici e non economici derivanti sia da eventi climatici estremi, come cicloni e inondazioni, sia da fenomeni a lenta insorgenza, quali l’innalzamento del livello del mare, la desertificazione e la perdita di biodiversità. Il FRLD è strutturato come Financial Intermediary Fund ospitato presso la Banca Mondiale, sul modello di altri fondi multilaterali per il clima quali il Green Climate Fund e la Global Environment Facility. La governance è affidata a un Board composto da 26 membri, di cui 12 provenienti da Nazioni sviluppate e 14 da Nazioni in via di sviluppo, con l’Italia in qualità di membro. L’intervento italiano, sotto forma di contributo a dono, è finalizzato a rafforzare la capacità di risposta immediata delle Nazioni colpite, sostenere interventi di recupero e ricostruzione resiliente e promuovere misure strutturali per la riduzione della vulnerabilità e l’adattamento climatico. Il Fondo sostiene interventi in contesti caratterizzati da vulnerabilità climatica elevata, dove gli eventi estremi e i fenomeni a lenta insorgenza generano perdite e danni significativi, sia economici che non economici. Le attività finanziate si collocano nei settori della riduzione del rischio di disastri, della prevenzione e preparazione alle emergenze, della risposta immediata post-evento e della ricostruzione resiliente, in linea con le categorie OCSE-DAC. Particolare enfasi è posta su iniziative che favoriscano la resilienza delle comunità vulnerabili, la protezione dei mezzi di sussistenza e la salvaguardia dei diritti umani, con un approccio integrato che tenga conto delle dimensioni sociali, economiche e ambientali. Le attività sostenute dal fondo potranno generare co-benefici ambientali indiretti, come ad esempio una gestione più sostenibile delle risorse naturali e l’introduzione di pratiche di ricostruzione resilienti e a basso impatto attraverso il ripristino di ecosistemi danneggiati. Oltre agli impatti climatici, l’iniziativa potrà generare co-benefici sociali ed economici nei Nazioni beneficiarie, contribuendo al rafforzamento della resilienza delle comunità, alla riduzione della povertà e al miglioramento delle condizioni di vita delle popolazioni vulnerabili L’iniziativa si configura come coerente con le strategie climatiche nazionali delle Nazioni coinvolte, in quanto promuove approcci ""country-led e country-owned"" per affrontare le perdite e i danni legati ai cambiamenti climatici.",World Bank in qualità di trustee del fondo,Banca Mondiale,Fondo Italiano per il Clima,10.0,EUR,,€10 milioni,4 anni,Approvato,Banca Mondiale
FIC17,,Energia,,0,Regionale / non specificato,Finanziamento alla Banque Ouest-Africaine de Devéloppement,Mobilizzazione di finanza climatica in Africa Occidentale,"L'intervento del Fondo Italiano per il Clima in favore della Banca dell'Africa Occidentale per lo Sviluppo (Banque Ouest-Africaine de Développement - BOAD) è una sottoscrizione fino a 100 milioni di euro di un'emissione obbligazionaria ibrida subordinata (hybrid bond) — una delle prime di questo tipo emesse da una banca multilaterale di sviluppo nel continente africano — finalizzata a rafforzare la capitalizzazione della Banca e a mobilitare finanza climatica nelle Nazioni dell'Unione Economica e Monetaria dell'Africa Occidentale (WAEMU): Benin, Burkina Faso, Costa d'Avorio, Guinea-Bissau, Mali, Niger, Senegal e Togo. L’Intervento ha avuto come oggetto la sottoscrizione di un'emissione obbligazionaria con l’obiettivo di sostenere iniziative progettuali nei settori delle energie rinnovabili, dei trasporti verdi e dell'agricoltura resiliente ai cambiamenti climatici attraverso contratti di finanziamento che BOAD potrà perfezionare direttamente con i Governi, o con le imprese locali beneficiarie finali o per il tramite di istituzioni finanziarie locali. Tali operazioni di finanziamento saranno interamente originate e sviluppate da BOAD. La logica dell'intervento è quella della finanza catalizzatrice: il rafforzamento patrimoniale generato consente a BOAD di mobilitare risorse fino a 2 volte l'importo del finanziamento in favore di progetti verdi e di resilienza climatica. L'impegno contrattuale prevede che la Banca utilizzi un ammontare almeno pari all'intervento Fondo Italiano per il Clima per soli progetti di energia rinnovabile con qualifica Rio Marker 2, presentando a CDP la lista delle iniziative in stadio avanzato prima di ogni erogazione. I progetti presentati includono, tra gli altri, la realizzazione di impianti di energia rinnovabile dell’Africa Occidentale e, in paricolare, tre impianti fotovoltaici di nuova costruzione in Togo, Burkina Faso e Mali e un impianto idroelettrico da ristrutturare in Mali. Gli investimenti hanno permesso la costruzione di impianti fotovoltaici, l’elettrificazione di diverse comunità rurali e il recupero di impianti idroelettrici. Sul piano delle collaborazioni internazionali, l'operazione ha carattere di co-investimento con altre primarie istituzioni finanziarie internazionali, tra le quali Banca Araba per lo Sviluppo in Africa, Agenzia Francese per lo Sviluppo, Banca di Sviluppo tedesca, Banca Mondiale, Bnca Africana di Sviluppo.",Banca dell'Africa Occidentale per lo Sviluppo (BOAD),,Fondo iIaliano per il Clima,100.0,EUR,,€100 milioni,5 anni,In corso,
FIC18,,Energia,Kenya,1,Bilaterale,Sviluppo di filiere agricole per biocarburanti avanzati in Kenya,Transizione verde,"L'intervento di sviluppo di filiere agricole per biocarburanti avanzati in Kenya è un finanziamento a valere su risorse del Fondo Italiano per il Clima, per un importo di 75 milioni di dollari, a sostegno della costruzione e della gestione di impianti di produzione di olio vegetale e valorizzazione dei sottoprodotti di estrazione (gli Agri Hub), con l’obiettivo di sostenere la produzione di biocarburanti nel sistema di bioraffinazione di Eni. Il finanziamento, sottoscritto nel 2024 a condizioni di mercato, si inserisce in un'operazione di co-finanziamento per un importo complessivo fino a 210 milioni di dollari, con International Finance Corporation (IFC) del Gruppo Banca Mondiale. Il progetto Agri feedstock di Eni in Kenya si inserisce in un contesto di vulnerabilità acuta: il Kenya ha registrato 28 fenomeni di siccità negli ultimi cento anni, con frequenza in aumento, e la siccità ha un impatto economico stimato all'8% del PIL ogni cinque anni. Il 98% dell'agricoltura dipende dall’andamento delle piogge e le proiezioni al 2050 stimano una riduzione delle rese delle colture di base tra il 12% e il 23%. La produzione sostenibile di biomassa da energia permette di proteggere i suoli, di aumentare la resilienza economica degli agricoltori e delle aziende agricole e di promuovere modelli virtuosi di economia circolare oltre che fornire un contributo alla riduzione delle emissioni. Il progetto si articola secondo: 1. Filiera agricola – coltivazione sia di terreni severamente degradati sia in rotazione con le colture esistenti alimentari, secondo il principio dell’addizionalità e senza entrare in competizione con la filiera alimentare. Gli agricoltori locali aderiscono all’iniziativa su base volontaria e la produzione agricola viene raccolta da soggetti intermedi (c.d. aggregatori) sulla base di un contratto commerciale che consente agli agricoltori l’accesso al mercato e che prevede in alcuni casi la fornitura di beni e servizi, tra cui la meccanizzazione e la formazione. La produzione è certificata secondo lo schema europeo o nazionale. 2. Filiera scarti e residui – raccolta di oli da cucina esausti, di oli vegetali non più edibili e di altri scarti delle filiere agro alimentari e forestali, attraverso una rete capillare di aggregatori. Il programma promuove buone pratiche di economia circolare, contribuendo a prevenire la dispersione di rifiuti e residui nell’ambiente e incoraggiandone il riutilizzo a fini energetici sotto forma di nuove materie prime per la produzione di biocarburanti. 3. Trasformazione industriale – produzione di olio vegetale dagli impianti di spremitura dei semi conferiti dagli aggregatori locali e da aziende agricole strutturate. I due Agri Hub realizzati ad oggi hanno una capacità nominale di 70 mila tonnellate di olio all'anno, ulteriormente espandibile. I panelli proteici, sottoprodotto del processo di estrazione dell’olio, vengono valorizzati sul mercato locale per la produzione di mangimi a beneficio delle filiere zootecniche a supporto della sicurezza alimentare della Nazione. I panneli non utilizzabili in mangimistica possono essere valorizzati come fertilizzanti e ammendanti o come biomassa da energia fornendo un contributo significativo alla riduzione di emissioni. Il Kenya, grazie alla presenza degli impianti di estrazione, assume un ruolo centrale come polo strategico dell’Africa orientale, valorizzando il contributo agricolo di altri paesi dell’area. 4. Integrazione verticale con bioraffinerie EniLive - trasferimento dell'olio vegetale alle bioraffinerie italiane per la produzione di HVO (Hydrotreated Vegetable Oil) per trasporto terrestre, marittimo e SAF (Sustainable Aviation Fuel) per l'aviazione, con un contributo di riduzione delle emissioni di anidride carbonica pari a circa l’80% rispetto ai carburanti fossili e con un potenziale di ulteriore riduzione. Il progetto promuove pratiche agricole rigenerative e la diversificazione produttiva come strumenti di riduzione dell'esposizione degli agricoltori locali ai rischi climatici. Nel 2023 è stata avviata nel Paese un’iniziativa per la gestione sostenibile dei terreni agricoli che consente l’abbattimento delle emissioni tramite la piantumazione di alberi, offrendo al contempo agli agricoltori un’opportunità di mercato per i semi oleosi prodotti nell’ambito della filiera agricola. Il progetto consente di ripristinare la salute del suolo, aumentare la resa agricola e supportare i piccoli agricoltori attraverso programmi di formazione dedicati alle buone pratiche agricole. Ad oggi, sono stati coinvolti cumulativamente circa 140 mila agricoltori e circa 500 piccole e medie imprese fanno parte della filiera di raccolta dei residui. Nei due impianti di spremitura (Agri-Hub) sono impiegate regolarmente circa 800 persone e oltre 900 sono state occupate in fase di costruzione. Si stima che a regime il progetto coinvolgerà cumulativamente oltre 400 mila beneficiari e circa 2 milioni di persone considerando la dimensione media del nucleo familiare. Dal punto di vista climatico, il contributo complessivo di riduzione delle emissioni del progetto è stimato fino a 9 milioni di tonnellate al 2050.",ENI Natural Energies,International Finance Corporation (IFC),Fondo Italiano per il Clima,75.0,USD,,$75 milioni,8 anni,In corso,
FIC19,,Acqua; Agricoltura/Pesca; Energia; Istruzione/Formazione/Cultura; Infrastrutture fisiche e digitali; Salute,Ruanda,1,Bilaterale,Supporto al bilancio del Ruanda per la sostenere la mitigazione e l’adattamento al cambiamento climatico,Transizione verde - riforme climatiche istituzionali,"Il finanziamento è un prestito sovrano concessionale fino a 50 milioni di euro a favore del Ministero delle Finanze del Ruanda (MoF) finalizzato a sostenere la mitigazione e l’adattamento al cambiamento climatico nella Nazione. Il razionale dell'intervento è radicato nella profonda vulnerabilità climatica del Ruanda. Le alluvioni e frane del maggio 2023 — 130 morti, 18.000 sfollati, 10 distretti su 30 colpiti — hanno reso tangibili fragilità già note: un'agricoltura che occupa oltre due terzi della popolazione e dipende quasi interamente dalle piogge, un'altissima densità demografica (546 abitanti/km²) e un territorio prevalentemente montuoso esposto a frane, siccità e inondazioni con frequenza crescente. In questo contesto, il Piano d'azione climatico nazionale (NDC) si propone di ridurre le emissioni di gas serra del 38% entro il 2030 e di implementare 24 interventi di adattamento in ambiti che spaziano dall'agricoltura alla gestione idrica, dai trasporti alla salute. L'intervento non finanzia infrastrutture specifiche ma sostiene un pacchetto di 13 riforme istituzionali organizzate in cinque aree: rafforzamento del monitoraggio degli investimenti climatici; integrazione del rischio climatico nella pianificazione fiscale; allineamento della gestione degli investimenti pubblici al clima; sviluppo della finanza verde e dei mercati di capitali; potenziamento dei sistemi di gestione dei rischi da disastri naturali. L'impianto ricalca l'accordo Resilience and Sustainability Facility (RSF) stipulato dal Governo rwandese con il Fondo Monetario Internazionale (FMI) nel dicembre 2022 (319 milioni di dollari), di cui il finanziamento italiano a valere su risorse del Fondo Italiano per oil Clima costituisce un potenziamento con linee di credito parallele — insieme all'Agenzia Francese di Sviluppo - AFD (fino a 50 milioni di dollari già approvati) e Banca Mondiale (fino a 100 milioni di dollari). Le erogazioni del Fondo Italiano per il Clima sono direttamente collegate al raggiungimento delle singole riforme. I co-benefici attesi sono prevalentemente di lungo periodo e di natura socioeconomica: creazione di green jobs con attenzione all'occupazione femminile e giovanile, rafforzamento della resilienza delle comunità rurali più vulnerabili, e abilitazione di una pipeline di progettualità in settori quali energia pulita, agricoltura climate-smart, gestione dei rifiuti ed eco-turismo.","Finaziamento nel contesto dell’accordo RSF (Resilience and Sustainability Facility) sottoscritto dal Governo ruandese (GoR) con il Fondo Monetario Internazionale (FMI), per un importo pari a USD 319 milioni. In aggiunta all’accordo RSF, il finanziamento del Fondo Clima contribuisce insieme ad altre due linee di credito parallele con World Bank e la francese AFD che insieme hanno aggiunto USD 150 mln.",Banca Mondiale,Fondo Italiano per il Clima,50.0,EUR,,€50 milioni,3 anni,In corso,
FIC20,,Infrastrutture fisiche e digitali,"Egitto, Tunisia, Marocco, Algeria, Kenya, Etiopia, Mozambico, Repubblica del Congo, Costa d'Avorio, Angola, Ghana, Mauritania, Senegal, Tanzania, Gabon, Ruanda, Repubblica Democratica del Congo, Zambia",18,Transnazionale,Finanziamentoin favore di Exchange Traded Commodities Group (ETC) per attività connesse alla catena di approvvigionamento agricola in Africa (Exchange Traded Commodities Group - Plafond Africa),Potenziamento sistemi di produzione agricola,"L’intervento consiste nella concessione da parte di Cassa Depositi e Prestiti (CDP), a valere su risorse proprie nel quadro dello strumento del Plafond Africa, di un finanziamento da 50 milioni di euro a favore di ETC Group Ltd, uno dei maggiori operatori mondiali nel commercio e nella trasformazione di prodotti agricoli, al fine di contribuire allo sviluppo di filiere agricole locali e alla stabilità degli approvvigionamenti. Le risorse contribuiranno a sostenere le attività del Gruppo connesse alla catena di approvvigionamento agricola in Africa, con particolare attenzione alle Nazioni coinvolte nel Piano Mattei, inclusi interventi di manutenzione e ammodernamento della rete infrastrutturale, che comprende oltre 475 magazzini e 120 impianti di trasformazione. In virtù dei consolidati rapporti commerciali di ETC Group Ltd con primarie aziende italiane del settore agroalimentare, in particolare nel comparto del caffè, l’intervento ha altresì l’obiettivo di rafforzare i legami economici tra il continente africano e l’Italia e di sostenere lo sviluppo di filiere di approvvigionamento sostenibili, resilienti e ad alto valore aggiunto, con una significativa valenza anche per il Sistema Italia. Il finanziamento CDP si inserisce in un’operazione più ampia, realizzata in partenariato con primarie Istituzioni Finanziarie Internazionali.",Exchange Traded Commodities Group (ETC),,Plafond Africa,50.0,EUR,,€50 milioni,4 anni,Approvato,
FIC21,,Acqua; Istruzione/Formazione/Cultura; Agricoltura/Pesca; Infrastrutture fisiche e digitali,Tunisia,1,Bilaterale,TANdem Italia- Tunisia. Finanziamento nell'ambito della sicurezza agroalimentare e idrica (“Tanit”),"Sicurezza alimentare, gestione idrica, formazione e innovazione agricola","TANIT — acronimo di TANdem Italia-Tunisia — è un programma di cooperazione tra Italia in Tunisia, nel quadro del Piano Mattei. TANIT si articola su due pilastri: (i) il trattamento non convenzionale delle acque reflue e miglioramento delle performance del settore agricolo nelle regioni target; (iii) il sostegno alla formazione, alla ricerca e al trasferimento di conoscenze all'innovazione in campo agricolo. Il programma incrocia due delle priorità del Piano Mattei — formazione e agricoltura — in un quadro integrato che affronta simultaneamente la sicurezza alimentare, la scarsità idrica e la resilienza ai cambiamenti climatici. TANIT — componente riutilizzo acque reflue — è il cuore infrastrutturale del più ampio programma di cooperazione Italia-Tunisia sulla sicurezza alimentare Tandem Italia Tunisia. Il prestito sovrano concessionale fino a 250 milioni di euro a favore della Repubblica Tunisina persegue come obiettivo prioritario lo sviluppo e la valorizzazione del comparto agricolo, garantendo la continuità irrigua e rafforzando la produzione agricola di circa 11.000 ettari di superfici in un contesto di crescente scarsità idrica e di terreni desertificati. Il progetto ha anche l’obiettivo di migliorare la resilienza climatica dei territori più esposti e di sostenere la produttività agricola riducendo la pressione sulle risorse idriche convenzionali. Il razionale dell'intervento è profondamente radicato nel contesto climatico tunisino. La disponibilità idrica rinnovabile pro capite è scesa a 346 m³ nel 2022 — ben al di sotto della soglia critica di 500 m³/anno — e le proiezioni al 2050 indicano un deficit idrico destinato a superare l'offerta disponibile del 28%. Nelle aree di intervento (Tunisi, Sfax e Sousse), le analisi climatiche del Centro Internazionale di Alti Studi Agronomici Mediterranei (CIHEAM) evidenziano un incremento medio della temperatura di circa 1,4°C dal 1980, una crescente irregolarità delle precipitazioni e un aggravamento del deficit idrico di circa 96 mm nel periodo osservato. Il riutilizzo delle acque reflue trattate rappresenta una misura di adattamento strutturale capace di separare la produzione agricola dalla disponibilità di acque convenzionali, intrinsecamente più resiliente perché non dipendente dalle precipitazioni annuali. Il progetto si articola su tre componenti: (i) la riabilitazione e modernizzazione di tre stazioni di depurazione urbane — Tunis El Attar, Sousse Enfidha e Sfax Sud — per portarne l'effluente a qualità compatibile con l'uso irriguo; (ii) lo sviluppo delle infrastrutture di trasferimento e distribuzione — sistemi di pompaggio, serbatoi, condotte a lunga distanza — per convogliare le acque reflue trattate da cinque stazioni di depurazione (aggiungendo Tunis Sud Méliane e Sfax Agareb) verso le aree agricole selezionate ; (iii) l'elaborazione di sistemi di irrigazione efficienti — goccia a goccia e aspersione — e la meccanizzazione agricola di terreni demaniali dell'Office des Terres Domaniales (OTD). A regime, l'iniziativa consentirà di mettere a disposizione circa 36 milioni di m³/anno di acque trattate, pari a circa l'1% dei prelievi totali annui destinati all'agricoltura in Tunisia, contribuendo in pari misura alla riduzione dello stress idrico nazionale — oggi al 98%, un livello allarmante. Entro il 2032, circa 1,7 milioni di consumatori tunisini beneficeranno dell'aumento della disponibilità di prodotti agricoli (olio d'oliva, cereali, carni e latte). I benefici ambientali sono altrettanto rilevanti: il recupero delle acque contribuirà alla protezione degli ecosistemi costieri e alla riduzione della salinizzazione delle falde; l'irrigazione a goccia contrasterà i processi di salinizzazione e desertificazione. Il secondo pilastro è il TANIT Knowledge Transfer (TANIT KT), la componente specifica dedicata al trasferimento di conoscenze e all'innovazione. Il progetto - finanziato dal Ministero degli Affari Esteri e della Cooperazione Internazionale (MAECI) nell'ambito del programma ""Supporto al partenariato strategico Italia-Tunisia sulla sicurezza alimentare"", con un budget complessivo di 36,5 milioni di euro e durata fino al 2027 - è realizzato dall'Istituto CIHEAM di Bari — il Centro Internazionale di Alti Studi Agronomici Mediterranei — e prevede la creazione di un Centro Tecnologico Integrato Multifunzionale (CTIM) a Mograne, a circa 35 chilometri a sud di Tunisi, presentato il 2 ottobre 2025 in occasione della Giornata della Ricerca Italiana nel Mondo. In partenariatop con il Ministero dell'Agricoltura tunisino, l'IRESA (Istituzione per la Ricerca e l'Insegnamento Superiore Agricolo) e la Scuola Superiore di Agricoltura di Mograne, il Centro Tecnologico Integrato Multifunzionale è concepito come un vero hub regionale e africano dove istituzioni, ricercatori, studenti e imprese private possono collaborare per sviluppare, testare e diffondere soluzioni innovative capaci di rispondere alle sfide climatiche e alimentari. La manifestazione di interesse per il coinvolgimento di operatori economici italiani — sia imprese sia enti di ricerca — prevede attività di dimostrazioni tecnologiche, formazione, trasferimento tecnologico e sperimentazione applicata nel Centro.",Governo della Tunisia / CIHEAM Bari,"Ministero dell’Agricoltura e della Pesca tunisino (MARHP) , il Ministero dell’Economia e della Pianificazione (MEP) ; Office Nationale de l'Assainessement (ONAS); Ministre de l’enseignement supérieur et de la recherche scientifique (MESRS) ; Ministre de l'emploi et de la formation professionnelle (MEFP) Istituto per la Ricerca Agricola e l’Istruzione Superiore (IRESA); École Supérieure d’Agriculture di Moghrane (ESA Mograne); Institut National de la Recherche Agronomique de Tunisie (INRAT)",Fondo italiano per il Clima / Ministero degli Affari Esteri e della Cooperazione Internazionale,286.5,EUR,,"€250 milioni per TANIT infrastrutture / €36,5 milioni per TANIT KT",6 anni per TANIT infrastrutture / 3 anni per TANIT KT,Approvato,
FIC22,,Energia,Repubblica del Congo,1,Bilaterale,Finanziamento sovrano a supporto del programma di rafforzamento del sistema elettrico nazionale in Repubblica del Congo (PASEL),Accesso all'energia elettrica e riduzione delle perdite tecniche e commerciali del sistema di distribuzione,"Il contributo del Fondo Italiano per il Clima – per un importo fino a 100 milioni di euro a valere sulla Quota Piano Mattei – è destinato a co-finanziare il progetto PASEL - Projet d'Amélioration des Services d'Électricité, inquadrato nell'iniziativa regionale della Banca Mondiale e della Banca Africana di Sviluppo “Mission 300”, che ambisce a portare accesso all'elettricità a 300 milioni di africani entro il 2030. Il progetto, sviluppato dalla Banca Mondiale e realizzato dal Governo della Repubblica del Congo per complessivi 192,8 milioni di euro, è finalizzato a migliorare la qualità e l'affidabilità del servizio elettrico, rafforzare le prestazioni operative e commerciali del segmento di distribuzione e vendita dell'energia elettrica e incrementare l'accesso all'elettricità nelle principali aree urbane di Brazzaville e Pointe-Noire. Il settore elettrico congolese è caratterizzato da perdite di sistema pari al 42% dell'energia immessa in rete, di cui perdite tecniche e commerciali ,con frequenti interruzioni di servizio. Il Finanziamento del Fondo Italiano per il Clima è finalizzato alla realizzazione di attività di rafforzamento delle prestazioni operative del segmento di distribuzione e vendita dell’energia elettrica nonché di aumento dell’accesso all’energia da parte di famiglie e imprese. Gli obiettivi dell’Iniziativa includono il miglioramento della continuità e dell’affidabilità del servizio elettrico, la riduzione delle perdite tecniche e commerciali e il rafforzamento della sostenibilità operativa del sistema elettrico. A tal fine saranno finanziati in particolare (i) interventi di elettrificazione, densificazione e riabilitazione delle reti di distribuzione in media e bassa tensione, inclusa l'estensione dell'accesso a oltre 130.000 famiglie nelle aree urbane di Brazzaville e Pointe-Noire; (ii) investimenti in sistemi di misurazione avanzata (smart meters – circa 370.000 contatori intelligenti) e riduzione delle perdite non tecniche per migliorare le prestazioni commerciali di E2C; (iii) attività ancillari per il rafforzamento delle capacità istituzionali e supporto alle riforme del settore elettrico, incluse analisi settoriali, studi su tariffazione e perdite di rete; (iv) attività di gestione progettuale (project management e Owner's Engineering) . Il progetto produrrà co-benefici di mitigazione climatica ascrivibili alla sostituzione (totale o parziale) dei generatori a gasolio domestici e alla riduzione della produzione di energia elettrica da fonte fossile, con conseguente importante riduzione delle emissioni di gas serra. Il Progetto è coerente con il Patto Nazionale Energetico adottato nel novembre 2025 e con le strategie di riforma del settore, considerate fondamentali per la sostenibilità di lungo periodo del sistema.",Ministero dell'Energia e dell'Idraulica della Repubblica del Congo; Energie Électrique du Congo (E2C),"Partenariati italiani: MAECI-DGCS; CDP; AICS; ICE; e Sistema italiano della accademico e della ricerca, Settore privato.",Fondo italiano per il Clima,100.0,EUR,,€100 milioni,4 anni,Approvato,Banca Mondiale
FIC23,,Acqua; Agricoltura/Pesca; Energia; Istruzione/Formazione/Cultura; Infrastrutture fisiche e digitali; Salute,Etiopia,1,Bilaterale,Supporto al programma di riforme in ambito climatico denominato “Third Ethiopia Development Policy Operation” (DPO3),Supporto al bilancio per riforme climatiche e ambientali di carattere strategico,"L’Iniziativa si colloca nel contesto di un’operazione di sostegno alle politiche pubbliche (policy‑based) promossa dalla Banca Mondiale volta a sostenere riforme climatiche di carattere strategico, orientate alla rimozione di vincoli strutturali agli investimenti privati, alla mobilitazione di risorse di finanza climatica e al rafforzamento del quadro istituzionale in materia di mitigazione e adattamento ai cambiamenti climatici. In particolare, la Banca Mondiale ha già approvato due precedenti Development Policy Operations nel 2024 e nel 2025, per un ammontare complessivo pari a 1 miliardo e 450 milioni di dollari , articolato in risorse dell’International Development Association (IDA) in forma di contributo a fondo perduto e credito concessionale. Tali operazioni hanno sostenuto la Homegrown Economic Reform Agenda della Nazione, hanno supportato riforme macroeconomiche e strutturali chiave – tra cui la riduzione degli squilibri macroeconomici, il rafforzamento della finanza pubblica, l’apertura al settore privato e il potenziamento dei sistemi di protezione sociale – e rappresentano il fondamento su cui si innesta la DPO3, che mira a consolidare e approfondire l’agenda di riforme con un rafforzato focus climatico e di resilienza. La DPO3 è articolata lungo tre pilastri tematici che si concentrano su: (i) rafforzamento della stabilità e dell’intermediazione finanziaria e la riduzione delle barriere a commercio e investimenti, inclusi interventi sui sistemi di pagamento e riforme pro-competizione in settori abilitanti (quali telecomunicazioni e logistica); (ii) la rimozione degli ostacoli alla crescita trainata dal settore privato, attraverso riforme settoriali volte a migliorare il funzionamento dei mercati e l’attrattività degli investimenti, con particolare riferimento ai settori dell’energia, dell’acqua, dell’agricoltura e ai mercati del carbonio; (iii) il sostegno alla crescita inclusiva, alla resilienza sociale e all’azione climatica, tramite il rafforzamento dei sistemi di protezione sociale e interventi su capitale umano (inclusi nutrizione e programmi di refezione scolastica, riduzione dell’arresto della crescita e misure di inclusione), oltre a riforme settoriali con co-benefici climatici. L'Italia contribuisce all'iniziativa attraverso: - un finanziamento a valere sulle risorse del Fondo Italiano per il Clima di complessivi 80 milioni di euro (di cui 10 milioni di contributo a fondo perduto) focalizzato su azioni prioritarie ad alta rilevanza climatica (accelerazione dell’elettrificazione a basse emissioni, promozione della resilienza idrica ed ampliamento della partecipazione del settore privato nei settori dell’energia e dell’acqua, sviluppo del quadro normativo e istituzionale per la partecipazione dell’Etiopia ai mercati del carbonio al fine di mobilitare risorse di finanza climatica; gestione sostenibile delle risorse naturali); - un finanziamento del Fondo Rotativo per la Cooperazione allo Sviluppo per un importo di 70 milioni di euro focalizzato sul superamento degli ostacoli che limitano lo sviluppo del settore privato in ambito agricolo (promozione della creazione di imprese agroalimentari a proprietà dei contadini e miglioramento dell’accesso a finanziamenti), energetico (accesso all'energia elettrice e riduzione dei costi di connessione elettrica per famiglie e imprese) e idrico (gestione integrata delle risorse, resilienza ai cambiamenti climatici (siccità e inondazioni).",Governo della Repubblica di Etiopia,Banca Mondiale,Fondo italiano per il Clima / Ministero degli Affari Esteri e della Cooperazione Internazionale,150.0,EUR,,€150 milioni,2 anni,Approvato,Banca Mondiale
AICS01,,Istruzione/Formazione/Cultura; Agricoltura/Pesca,Algeria,1,Bilaterale,"Creazione del Centro Algero-Italiano di Eccellenza per la Formazione, la Ricerca e l'Innovazione in Agricoltura - Enrico Mattei",Formazione e innovazione agricola sostenibile,"Italia e Algeria hanno formalizzato in occasione del quinto Vertice intergovernativo svoltosi a Roma nel luglio 2025 un accordo per la creazione del Centro di Eccellenza Algero-Italiano per la Formazione, la Ricerca e l’Innovazione Agricola “Enrico Mattei, polo di eccellenza dedicato alla formazione professionale, alla ricerca e all'innovazione nel settore agricolo e agroalimentare. La struttura sorge a Sidi Bel Abbes, città nel territorio nordoccidentale algerino dotata di un consolidato ecosistema locale di ricerca in campo agronomico, ed è intitolata alla memoria di Enrico Mattei, figura simbolo del partenariato energetico e di sviluppo tra l'Italia e il continente africano. Il Centro Enrico Mattei è concepito come un punto di riferimento non solo per l'Algeria, ma per l'Africa nel suo complesso. La sua missione è quella di dotare studenti, ricercatori e operatori del settore provenienti da tutto il continente di nuove competenze nei settori dell'agricoltura e dell'agroalimentare, formare formatori e consulenti specializzati in specifici ambiti agricoli e contribuire alla modernizzazione dell'agricoltura africana attraverso l'adozione e l'implementazione di soluzioni tecnologiche avanzate. Il progetto prevede inoltre il pieno coinvolgimento del settore privato italiano e algerino, in un'ottica di partenariato pubblico-privato che valorizzi le eccellenze imprenditoriali di entrambe le Nazioni. A dare avvio concreto all'iniziativa è il progetto ""Prime azioni per la creazione del Centro Enrico Mattei per la formazione, la ricerca e l'innovazione nel settore dell'agricoltura in Algeria"", finanziato dall'Agenzia Italiana per la Cooperazione allo Sviluppo (AICS) con 2,5 milioni di euro a dono a valere sui fondi della cooperazione italiana. L'attuazione del progetto è affidata all'Università degli Studi della Tuscia, che opererà in partenariato con il Centro internazionale Alti Studi Agronomici per il Mediterraneo di Bari - CIHEAM. Questo primo investimento pone le fondamenta operative e formative del futuro Centro, avviando le azioni preliminari necessarie a strutturare un'offerta educativa e scientifica di livello internazionale destinata a durare nel tempo e a produrre impatti concreti sullo sviluppo agricolo del continente africano.",Università degli Studi della Tuscia,"Ministero dell'Agricoltura, dello Sviluppo Rurale e della Pesca (MADRP), Centro internazionale Alti Studi Agronomici per il Mediterraneo di Bari (CIHEAM)",Ministero degli Affari Esteri e della Cooperazione Internazionale e altre risorse,2.5,EUR,,"€2,5 milioni per fase preliminare",2 anni per la fase preliminare,In corso,
AICS02,,Istruzione/Formazione/Cultura,Costa d'Avorio,1,Bilaterale,Sostegno al settore dell'Istruzione primaria,Rafforzamento sistema istruzione primaria,"Nell'ambito di un più ampio bando lanciato dall'AICS per iniziative in Costa d'Avorio realizzate da organizzazioni della società civile, una quota di 15 milioni di euro a dono è destinata al rafforzamento della qualità del sistema dell'istruzione primaria nel Paese. Sono stati selezionati due progetti a beneficio della popolazione infantile ivoriana. Il primo progetto, REUSSIR – rafforzamento della qualità del sistema dell'istruzione primaria in Costa d'Avorio, è realizzato da AVSI in associazione temporanea di scopo con CeVI con un finanziamento di 10 milioni di euro. L'iniziativa punta a migliorare la qualità dell'insegnamento e dell'apprendimento in centinaia di scuole primarie distribuite in diciotto regioni della Naizone. Le attività sono già avviate su più fronti: è in corso la sperimentazione dei nuovi programmi educativi in alcune scuole pilota, accompagnata dalla formazione di insegnanti e consulenti pedagogici. Sono previste azioni a supporto della mobilità dei consulenti sul territorio e migliaia di insegnanti sono stati formati su metodologie innovative di recupero dell'apprendimento, sulla prevenzione della violenza scolastica e sull'inclusione degli alunni con disabilità. Sono stati inoltre distribuiti libri di lettura nelle scuole e avviate attività di recupero in lettura e matematica a beneficio di decine di migliaia di alunni. Il progetto prevede anche l'allestimento di laboratori informatici in alcune scuole e interventi sulle infrastrutture igienico-sanitarie, con la realizzazione di punti di approvvigionamento idrico in scuole selezionate. Sono infine in corso sessioni di sensibilizzazione rivolte alle famiglie degli alunni nelle aree di intervento. Il secondo progetto, CASA – cooperazione al servizio dell'apprendimento in Costa d'Avorio, è realizzato dalla Fondazione l'Albero della Vita ETS in associazione con VIS con un contributo di oltre 4 milioni di euro. L'iniziativa intende offrire risposte concrete alla povertà educativa diffusa a livello nazionale, costruendo un'alleanza tra gli attori locali e le scuole primarie e secondarie per ampliare l'accesso a un'offerta educativa inclusiva, migliorare la qualità delle infrastrutture e delle attrezzature scolastiche e contrastare la dispersione scolastica tra i ragazzi e le ragazze più a rischio. Le attività sono state avviate in alcuni comuni della regione di Abidjan, tra cui Cocody, Koumassi, Treichville e Anyama.","Associazione Volontari per il Servizio Internazionale (AVSI), Fondazione Albero della Vita","Centro Internazionale di Volontariato (CEVI) con AVSI, Volontariato Internazionale per lo Sviluppo (VIS) con Fondazione Albero della Vita",Ministero degli Affari Esteri e della Cooperazione Internazionale (MAECI),15.0,EUR,,€15 milioni,3 anni,In corso,
AICS03,,Salute; Istruzione/Formazione/Cultura,Costa d'Avorio,1,Bilaterale,Rafforzamento del settore sanitario,Rafforzamento della salute materno-infantile,"Il Programma a sostegno del settore sanitario ivoriano, con una combinazione di risorse a dono (19 milioni di euro) e a credito (55 milioni di euro). si articola in quattro componenti, con il CUAMM come partner tecnico. La prima componente, realizzata dall'Università Cattolica di Milano in partenariato con il CUAMM, prevede attività di sostegno alla rete locale dei religiosi che operano in ambito sanitario nella Nazione (€3 milioni). Il progetto interviene su 20 strutture della rete dell’Union des Religieux et Religieuses en Santé de Côte d’Ivoire (URSSCI) per garantire cure di qualità alle madri e ai neonati, rafforzando le capacità del personale sanitario, l’approvvigionamento di farmaci e dispositivi medici, e promuovendo campagne comunitarie di prevenzione. La seconda componente realizzata dall'Università di Padova in partenariato con il CUAMM, consiste di attività di ampliamento dell'Ospedale Centre Hospitalier Régional Félix Houphouët Boigny d’Abobo, nel nord della capitale, in particolare per la finalizzazione del blocco Rianimazione (€12 milioni). Il progetto intende potenziare l’offerta di servizi sanitari materno-neonatali nel distretto di Abobo Est ad Abidjan, che conta circa 750 mila abitanti,attraverso il miglioramento delle infrastrutture ospedaliere, la formazione del personale sanitario e il rafforzamento dei meccanismi di governance locale. Le altre due componenti, a valere su finanziamenti a credito di aiuto di recente approvazione, riguardano il sostegno all'Ospedale periferico di Sangon e alla Scuola pubblica di scienze infermieristiche (INFAS) di ABENGOUROU, polo formativo per la regione orientale della Nazione.","Università Cattolica del Sacro Cuore, Università di Padova",Collegio Universitario Aspiranti Medici Missionari (CUAMM),Ministero degli Affari Esteri e della Cooperazione Internazionale (MAECI),74.0,EUR,,€74 milioni,3 anni,In corso,
AICS13,,Istruzione/Formazione/Cultura,"Costa d'Avorio, Etiopia, Kenya, Tunisia",4,Transnazionale,"Progetto Africa - Rafforzamento delle capacità, competenze e conoscenze degli alti funzionari pubblici",Rafforzamento capacità pubbliche amministrazioni,"La Scuola Nazionale dell'Amministrazione (SNA) ha avviato il Progetto Africa, una delle prime azioni concrete dell'asse dedicato alla formazione e al capitale umano. L'iniziativa è dedicata al rafforzamento delle capacità delle pubbliche amministrazioni di quattro Nazioni pilota — Costa d'Avorio, Etiopia, Kenya e Tunisia — ed è finanziata dal Ministero degli Affari Esteri e della Cooperazione Internazionale con risorse a dono e realizzata in stretta collaborazione con il Dipartimento per la Funzione Pubblica e l'Agenzia Italiana per la Cooperazione allo Sviluppo. Il progetto, della durata triennale, ha l'obiettivo di rafforzare le pubbliche amministrazioni africane attraverso percorsi formativi integrati e la creazione di partenariati istituzionali duraturi. I percorsi formativi sono articolati in cinque aree tematiche strategiche: management e leadership pubblica, ""public procurement"", digitalizzazione e intelligenza artificiale, politiche pubbliche e gestione del debito e strumenti di finanza innovativa. I corsi sono organizzati in due cicli annuali, ciascuno composto da dieci moduli, e combinano formazione online, attività in presenza nelle Nazioni coinvolte e visite di studio in Italia, favorendo il confronto diretto tra amministrazioni e lo scambio di esperienze. Una fase conclusiva si svolge presso la sede della SNA a Caserta, che il progetto intende affermare come hub formativo di riferimento per le classi dirigenti africane. Un'attenzione specifica è riservata alla formazione dei formatori, per garantire nel tempo l'autonomia e la solidità delle istituzioni partner. L'iniziativa prevede inoltre corsi specialistici esternalizzati su temi quali la digitalizzazione dell'anagrafe in Costa d'Avorio e le energie rinnovabili in Tunisia e Kenya. Dopo l'inaugurazione il 10 febbraio 2026 presso la Reggia di Caserta sono stati avviati percorsi formativi rivolti a oltre 1.360 beneficiari, tra cui formatori delle scuole e degli enti omologhi alla SNA nelle Nazioni partner e alti funzionari delle pubbliche amministrazioni nazionali con responsabilità nelle aree tematiche selezionate. Le attività formative in presenza sono già entrate nel vivo in Etiopia e Kenya, con i docenti SNA che hanno avviato un confronto con i referenti accademici locali per contestualizzare i contenuti rispetto ai diversi contesti nazionali, mentre i partecipanti hanno avuto accesso a una piattaforma digitale dedicata con materiali didattici, videolezioni e programmi dei corsi. L’iniziativa mira a contribuire all’accrescimento delle capacità della pubbliche amministrazioni delle Nazioni pilota di perseguire gli obiettivi dello sviluppo sostenibile per rafforzarne la governance e le istituzioni democratiche attraverso l’organizzazione ed erogazione di corsi di formazione rivolti ad alti funzionari pubblici e a formatori delle scuole o enti omologhi alla SNA in cinque aree tematiche (management e leadership pubblica; public procurement; digitalizzazione e intelligenza artificiale; politiche pubbliche; gestione del debito e strumenti di finanza innovativa).",Scuola Nazionale dell'Amministrazione (SNA),Enti omologhi locali della Scuola Nazionale dell'Amministrazione (SNA) nelle Nazioni Africane,Ministero degli Affari Esteri e della Cooperazione Internazionale (MAECI),6.5,EUR,,"€6,5 milioni",3 anni,In corso,
AICS06,,Acqua; Infrastrutture fisiche e digitali,Etiopia,1,Bilaterale,Programma di sostegno alla Repubblica Federale Democratica d’Etiopia per lo sviluppo ambientale e la green economy,Riqualificazione urbana,"Il Programma di sostegno allo sviluppo ambientale e alla Green Economy prevede la bonifica dell'area del Lago Boye e la riqualificazione della città di Jimma con una combinazione di risorse a dono (16 milioni di euro) e a credito (26,5 milioni di euro). Il Lago Boye è un bacino artificiale situato nei pressi di Jimma, nella regione dell'Oromia. L'intervento ha bonificato 35 ettari del lago, ampliandone la superficie e migliorando la qualità delle acque, e ha riqualificato 19 ettari di aree verdi circostanti con 3.000 nuovi alberi. Sono state realizzate nuove infrastrutture per la mobilità e il turismo, attirando investimenti per strutture ricettive internazionali. Il recupero ha interessato anche gli edifici storici del centro cittadino e la viabilità urbana, restituendo a Jimma un volto rinnovato e aperto al futuro. I beneficiari diretti dell'iniziativa sono i circa 250.000 abitanti di Jimma, ai quali si aggiungono i turisti nazionali e internazionali che potranno visitare la città, valorizzata nel suo patrimonio storico, ambientale e culturale. Il progetto ha inoltre già generato un importante indotto occupazionale, con circa 3.500 giovani che hanno trovato lavoro in un'area segnata da un'alta disoccupazione giovanile.",Ministero della Finanza Etiope in coordinamento con il Ministero della Pianificazione e dello Sviluppo / Agenzia Italiana per la Cooperazione allo Sviluppo Addis Abeba (AICS) e Organizzazioni della Società Civile (OSC),,Ministero degli Affari Esteri e della Cooperazione Internazionale (MAECI),42.5,EUR,,"€42,5 milioni",3 anni,In corso,Global Gateway/Team Europe
AICS07,,Salute,Etiopia,1,Bilaterale,Sostegno settore sanitario nella regione settentrionale del Tigray,Potenziamento del settore sanitario,Il settore sanitario nella regione del Tigray è sostenuto da una serie di iniziative della Cooperazione italiana attualmente in corso. Queste includono: - ampliamento e rafforzamento dell’ospedale Kidane Mehret di Adwa. - rafforzamento dell'ospedale Suhul di Shire. - rafforzamento degli ospedali di Shire e Gondar. - intervento multisettoriale per il miglioramento delle condizioni socio-sanitarie nell’area di Shire - Tigray. Beneficiari di queste iniziative sono gli abitanti che vivono nell'area di Shire (circa 2 milioni) e di Adwa (circa 1 milione).,"Ufficio delle Nazioni Unite per i Servizi e i Progetti (UNOPS), Agenzia Italiana per la Cooperazione allo Sviluppo Addis Abeba (AICS)",,Ministero degli Affari Esteri e della Cooperazione Internazionale (MAECI),16.6,EUR,,"€16,6 milioni",3 anni,In corso,Global Gateway/Team Europe
AICS16,,Infrastrutture fisiche e digitali,Etiopia,1,Bilaterale,Supporto al rafforzamento dei servizi digitali in Etiopia attraverso la creazione di un centro d’incubazione per imprese ad alta innovazione tecnologica,Trasformazione digitale,"L’iniziativa istituisce un centro per l’innovazione digitale e l’incubazione di start-up hi-tech in Etiopia, con spazi formativi, servizi digitali avanzati e sostegno all’imprenditorialità. Nello specifico, l'iniziativa - con risorse a dono della cooperazione allo sviluppo - intende creare un centro di servizi digitali e di incubazione di start-up, comprendente il centro di formazione “FAB Lab” e un hub di sviluppo per talenti orientati all’hi-tech, allineato alle iniziative nazionali e alla strategia occupazionale etiope. Il centro offrirà uno spazio digitale per la fornitura di servizi ai cittadini, oltre a spazi di lavoro collaborativi, programmi di formazione, mentorship e opportunità di networking per le start-up, partnership con agenzie governative, istituzioni accademiche ed esperti del settore per creare un ecosistema di start-up. In collaborazione con partner pubblici, accademici e privati, il progetto mira allo sviluppo del settore ICT e posizionare Addis Abeba come hub tecnologico regionale.",Ministero dell’Innovazione e della Tecnologia Etiope,,Ministero degli Affari Esteri e della Cooperazione Internazionale (MAECI),4.5,EUR,,"€4,5 milioni",3 anni,In corso,
AICS20,,Salute; Istruzione/Formazione/Cultura,Etiopia,1,Bilaterale,Rafforzamento del sistema sanitario in Etiopia,Rafforzamento del settore sanitario,"L’Italia ha concesso un credito d’aiuto di 15 milioni di euro per rafforzare il sistema sanitario etiope, attraverso un contributo al fondo multi-donatori SDG Performance Fund, gestito dal Ministero della Salute etiope. L’iniziativa segue precedenti finanziamenti italiani e sostiene le priorità sanitarie della Nazione, in particolare salute materna e riproduttiva, nutrizione, servizi primari e assicurazione sanitaria comunitaria. L’intervento è coerente con il piano di cooperazione Italia–Etiopia 2026-2028.",Ministero della Salute Etiope,,Ministero degli Affari Esteri e della Cooperazione Internazionale (MAECI),15.0,EUR,,€15 milioni,2 anni,In corso,
AICS19,,Agricoltura/Pesca; Istruzione/Formazione/Cultura,"Etiopia, Kenya, Tanzania, Malawi, Uganda",5,Transnazionale,ACT Coffee Programme - Advancing Climate Resilience and Trasformartion in African Coffee,Valorizzazione e rafforzamento della filiera del caffè,"Il programma costituisce una delle principali componenti della più ampia strategia internazionale dell'Italia sul caffè. Si tratta di una progettualità di respiro continentale che coinvolge 5 Nazioni pilota (Etiopia, Uganda, Kenya, Tanzania e Malawi ), con l'ambizione di estendersi a tutte le Nazioni africane produttrici di caffè. Attualmente le attività principali prevedono la creazione e il rafforzamento di Centri di formazione (Coffee Training Centers) e l'avviamento di una struttura di coordinamento internazionale con l'obiettivo di massimizzare i risultati del progetto. Il programma si propone di generare progettualità specifiche per le singole Nazioni attraverso l'accesso a differenti strumenti finanziari a dono e a credito anche facendo leva su fonti di partner Internazionali e risorse UE di cooperazione delegata. Tra i beneficiari dell'iniziativa sono inclusi i produttori, trasformatori, esportatori e consumatori di caffé, oltre che le Autorità nazionali del caffè.",UNIDO,"International Coffee Organization (ICO), Inter-African Coffee Organization (IACO), Commissione Europea, Illycaffè; Lavazza S.p.A.; European Coffee Federation (ECF), Assicurazioni Generali",Ministero degli Affari Esteri e della Cooperazione Internazionale (MAECI),26.0,EUR,,€26 milioni,4 anni,In corso,Global Gateway/Team Europe
AICS21,,Istruzione/Formazione/Cultura,Kenya,1,Bilaterale,Laboratorio dei Talenti,Inclusione sociale e lavorativa,"Il progetto mira a promuovere l’inclusione sociale e lavorativa delle persone con disabilità intellettive e relazionali nella comunità di Chaaria (Kenya), attraverso la creazione di un laboratorio integrato di falegnameria e sartoria. L’iniziativa si propone di rafforzare l’autonomia, la dignità e l’inclusione sociale di persone con disabilità intellettive e relazionali formate e avviate al lavoro presso il Cottolengo Mission Hospital di Chaaria, nella Contea di Meru, offrendo loro percorsi formativi inclusivi e opportunità di inserimento lavorativo protetto. Il contesto locale è caratterizzato da elevati tassi di disoccupazione e da una carenza di opportunità formative per persone con disabilità, che vivono spesso in condizioni di marginalità e dipendenza economica. Il progetto risponde a tali bisogni attraverso la creazione di due laboratori professionali integrati che offriranno formazione tecnica e inclusione lavorativa e sociale. L’obiettivo è di potenziare le competenze manuali, relazionali e professionali dei beneficiari, favorire la loro inclusione produttiva e sociale, rafforzare la capacità del Cottolengo di offrire servizi di formazione professionale inclusiva e qualificata. L’intervento mira a formare persone con disabilità e coinvolgerle in attività produttive, a realizzare manufatti artigianali che contribuiscano alla sostenibilità economica del centro, a qualificare il personale locale attraverso percorsi formativi condotti da esperti specializzati e ad accrescere la consapevolezza e l’apertura della comunità locale nei confronti del lavoro inclusivo. L'iniziativa permetterà di raggiungere persone con disabilità intellettive e relazionali residenti nella comunità di Chaaria, nella Contea di Meru. oltre a operatori ed educatori locali che, attraverso specifiche attività di formazione e accompagnamento, rafforzeranno le proprie competenze tecniche e metodologiche nel lavoro con persone con disabilità e, in generale, le famiglie delle persone coinvolte, il personale e le strutture di riferimento del Cottolengo Mission Hospital di Chaaria, nonché circa 150 membri della comunità locale, che beneficeranno delle azioni di sensibilizzazione e del rafforzamento di modelli inclusivi di partecipazione sociale e lavorativa.","Agenzia Italiana per la Cooperazione allo Sviluppo Kenya (AICS), Cottolengo Society of Kenya",Meru County Department of Health,Ministro per le Disabilità e Ministero degli Affari Esteri e della Cooperazione Internazionale (MAECI),0.25,EUR,,€250.000 (€200.000 Dipartimento per le politiche in favore delle persone con disabilità e €50 mila AICS),"2,5 anni",In corso,
AICS08,,Istruzione/Formazione/Cultura; Agricoltura/Pesca,Mozambico,1,Bilaterale,Istituzione di un polo agroalimentare nella provincia di Manica - Centro Agroalimentare di Manica (CAAM),Potenziamento del settore agroalimentare,"L'iniziativa è volta a rafforzare la competitività e la resilienza del settore agroalimentare della Nazione, attraverso la costruzione di infrastrutture strategiche e la promozione di processi di industrializzazione e innovazione inclusivi e sostenibili. Il progetto è finanziato con una combinazione di risorse a dono e a credito, per un valore complessivo di 38 milioni di euro, e si concentra sulla filiera ortofrutticola nella zona centrale della Nazione, area in cui la cooperazione italiana è impegnata da tempo in interventi a favore dello sviluppo rurale. Il fulcro dell'iniziativa è la realizzazione del Centro Agroalimentare di Manica (CAAM), infrastruttura pensata per offrire ai produttori agricoli locali — organizzati in cooperative e associazioni — servizi integrati di formazione, accesso al mercato, trasformazione e certificazione dei prodotti. Il centro sarà un punto di riferimento per l'intero ecosistema della filiera, coinvolgendo agenti economici e di marketing rurale, piccoli imprenditori, fornitori di input agricoli e operatori della logistica, con l'obiettivo di migliorare il clima d'impresa e rafforzare la connettività agricola del territorio. I benefici attesi si estendono ben oltre i destinatari diretti (stimate 120–150 mila persone), con ricadute positive stimate su decine di migliaia di persone tra nuclei familiari dei produttori, consumatori locali e regionali, autorità e tecnici pubblici coinvolti nella governance territoriale e attori secondari della filiera.",Ministero delle Finanze mozambicano,,Ministero degli Affari Esteri e della Cooperazione Internazionale (MAECI),38.0,EUR,,€38 milioni,4 anni,In corso,Global Gateway/Team Europe
AICS17,,Istruzione/Formazione/Cultura,Mozambico,1,Bilaterale,Progetti di ampliamento struttura ed equipaggiamenti Istituto Don Bosco di Maputo,Potenziamento istruzione tecnico-professionale e universitaria,"Il Politecnico di Milano, in partenariato con l'organizzazione della società civile VIS – Volontariato Internazionale per lo Sviluppo, realizza un'iniziativa volta a espandere e migliorare le strutture dell'Istituto Don Bosco (ISDB) di Maputo, centro d'eccellenza già riconosciuto nel Paese per la formazione professionale e la formazione di formatori. Si stima che saranno oltre 4.300 i giovani studenti a beneficiare direttamente dell'intervento. Il progetto - con una combinazione di risorse a credito (13 milioni di euro) e a dono (5 milioni di euro) - agisce su tre fronti complementari. Sul piano della qualità della formazione tecnico-professionale, è prevista la costruzione di un nuovo Padiglione per l'Energia Sostenibile presso l'ISDB, accompagnata dalla modernizzazione delle officine meccaniche e delle attrezzature e dal rafforzamento delle competenze di docenti e formatori. Sul fronte dell'inserimento lavorativo, l'iniziativa punta alla ristrutturazione del Servizio di Inserimento Professionale (SIP) dell'Istituto, allo sviluppo di partenariati con l'Istituto Nazionale per l'Impiego (INEP) e con il settore privato, e alla digitalizzazione dei servizi di orientamento professionale e collocamento, per avvicinare i giovani diplomati alle opportunità offerte dal mercato del lavoro. Infine, a consolidamento dell'intero ecosistema dell'innovazione, il progetto prevede la creazione di un Innovation Hub presso l'ISDB, la formazione di ricercatori e mediatori tecnologici e la costituzione di una rete nazionale per l'innovazione e il trasferimento tecnologico che coinvolga università, centri di ricerca e hub tecnologici presenti nel territorio nazionale.",Politecnico di Milano,"Istituto Don Bosco Maputo, Organizzazioni della Società Civile (OSC), Volontariato Internazionale per lo Sviluppo (VIS)",Ministero degli Affari Esteri e della Cooperazione Internazionale (MAECI),7.6,EUR,,"€7,6 milioni",3 anni,In corso,
AICS15,,Agricoltura/Pesca; Infrastrutture fisiche e digitali,"Repubblica del Congo, Senegal, Ghana",3,Transnazionale,AREA Africa - Rafforzamento degli ecosistemi agro-alimentari in Africa in partenariato con il sistema privato Italiano,Miglioramento della sicurezza alimentare e rafforzamento della resilienza ai cambiamenti climatici dei sistemi alimentari locali,"L’iniziativa Area Africa - Rafforzamento degli ecosistemi agro-alimentari in Africa in partenariato con il sistema privato italiano* è un partenariato paritario pubblico-privato co-finanziato in pari misura dal Ministero degli Affari Esteri e della Cooperazione Internazionale, che si avvale del Centro Internazionale di Alti Studi Agronomici Mediterranei di Bari (CIHEAM Bari) come knowledge partner ed ente esecutore della componente pubblica, e dal gruppo privato BF SpA. Il programma è disegnato a partire dalle esigenze individuate congiuntamente alle Autorità locali delle Nazioni partner, Senegal, Ghana, Repubblica del Congo. L'obiettivo principale è quello di rafforzare le filiere agro-alimentari delle Nazioni coinvolte per ridurre il grado di dipendenza dall’estero in materia alimentare, attraverso la realizzazione di Model farm. Il programma coinvolge attivamente i Ministeri dell’Agricoltura, le Agenzie, gli Enti di ricerca e formazione, le Università, la società civile, le cooperative agricole e i gruppi informali di piccoli agricoltori in ciascuno delle Nazioni coinvolte. Inoltre, mira a valorizzare i principali attori italiani nel settore, le Istituzioni, le organizzazioni della società civile e il settore sociale, per un’azione congiunta del sistema italiano di cooperazione allo sviluppo. I soggetti della filiera agroalimentare italiana contribuiscono con risorse, capacità e contenuto innovativo nel settore della tecnologia agricola. Il CIHEAM Bari, lavorando in sinergia con il settore privato, favorisce la messa a sistema dell’azione delle imprese private con gli attori del sistema italiano di cooperazione, promuovendo al contempo il rafforzamento istituzionale locale, l’imprenditoria giovanile e la tutela dei diritti umani - con focus su giovani e donne - e l’accesso ai servizi per le comunità locali, in particolare all’istruzione, alla salute e all’acqua.","Centro Internazionale di Alti Studi Agronomici Mediterranei di Bari (CIHEAM), Gruppo BF SpA.","Ministeri dell’Agricoltura, Agenzie, Enti di ricerca e formazione, Università, società civile, cooperative agricole e i gruppi informali di piccoli agricoltori di ciasuna delle Nazioni coinvolte",Ministero degli Affari Esteri e della Cooperazione Internazionale (MAECI) e risorse del settore privato,199.0,EUR,,€199 milioni in cofinanziamento con il settore privato italiano,3 anni,In corso,
AICS09,,Agricoltura/Pesca,Senegal,1,Bilaterale,Programma Integrato di Sviluppo delle Filiere Agroalimentari (PIDECA),Potenziamento del settore agroalimentare,"Il progetto, attuato in favore del Ministero dell’Agricoltura senegalese, mira ad accelerare il raggiungimento della sovranità alimentare attraverso l'incremento sostenibile della produzione agricola, il miglioramento delle competenze tecniche e il supporto allo sviluppo di filiere ad alto potenziale grazie ai sistemi di produzione rurale, nelle regioni di Matam, Louga, Kolda e Sédhiou. Il contributo italiano è associato a un intervento di cooperazione delegata finanziato dall'Unione Europea (8 milioni di euro) e gestito da AICS. I beneficiari individuati includono 20mila produttori agricoli organizzati in cooperative e associazioni locali, beneficiari di servizi di formazione, accesso al mercato, trasformazione e certificazione dei prodotti agroalimentari, 500 agenti economici e di marketing rurale, tra cui commercianti, piccoli imprenditori, fornitori di input agricoli, operatori della logistica e trasformazione.","Ministero dell’Agricoltura, della Sovranità Alimentare e dell’Allevamento (MASAE), Ministero dell'Economia, del Piano e della Cooperazione (MEPC), Ministero delle Finanze e del Budget (MFB)",,Ministero degli Affari Esteri e della Cooperazione Internazionale (MAECI),18.0,EUR,,€18 milioni,3 anni,Approvato,Global Gateway/Team Europe
AICS18,,Istruzione/Formazione/Cultura,Tanzania,1,Bilaterale,Formazione professionale di qualità nel settore turistico-alberghiero dell'Arcipelago di Zanzibar (FO.PR.ALB.),Potenziamento del settore turistico,"ll progetto sostiene lo sviluppo sostenibile e inclusivo del settore turistico-alberghiero dell'arcipelago di Zanzibar, con l'obiettivo di promuovere un'occupazione piena e dignitosa rivolta in particolare ai giovani, alle donne e alle persone vulnerabili. Il progetto interviene sul rafforzamento della qualità dell'istruzione tecnica nel settore, attraverso lo sviluppo di curricula accademici aggiornati, attività di formazione dedicate ai docenti e il potenziamento delle attrezzature dei centri di formazione professionale. Una componente centrale dell'iniziativa è il miglioramento del coordinamento tra il sistema formativo e il settore privato, che si realizza attraverso piattaforme di partenariato pubblico-privato, schemi di alternanza scuola-lavoro e programmi di apprendistato. In questo quadro, l'iniziativa valorizza la forte presenza di aziende turistico-alberghiere italiane operanti a Zanzibar, che costituiscono un punto di raccordo privilegiato tra la formazione e il mondo del lavoro. Il progetto rafforza inoltre le capacità delle autorità governative in materia di turismo sostenibile, accompagnando i processi decisionali locali con strumenti e competenze adeguati alle sfide di un settore in rapida evoluzione. I beneficiari dell'intervento includono giovani tra i 15 e i 35 anni, donne, persone in condizioni di vulnerabilità e lavoratori già impiegati nel comparto turistico-alberghiero.",Organizzazioni della società civile italiane in partenariato con organizzazioni della società civile locali selezionate tramite Bando,,Ministero degli Affari Esteri e della Cooperazione Internazionale (MAECI),4.0,EUR,,€4 milioni,-,In corso,
AICS10,,Istruzione/Formazione/Cultura,Tunisia,1,Bilaterale,"Polo Patrimonio Tunisia - Formazione, conservazione e valorizzazione nei siti archeologici di Kerkpuane, Pupput e Neapolis",Valorizzazione patrimonio culturale,"L’Istituto Centrale per il Restauro ha avviato, su richiesta delle autorità tunisine, un programma di formazione per la conservazione, il restauro e la valorizzazione di tre aree archeologiche a Kerkouane, Neapolis e Pupput. Parallelamente, il programma prevede attività di promozione turistica finalizzate alla creazione di itinerari archeologici per innescare uno sviluppo socio-economico dei territori interessati. I beneficiari dell'iniziativa includono gli studenti ed i docenti dell'Istituto Superiore dei Mestieri del Patrimonio di Tunisi (Institut Superieur des Metiers du Patrimoine de Tunis - ISMPT), gli operatori tecnici dell’Istituto Nazionale del Patrimonio (INP), i giovani imprenditori locali, gli operatori turistici, culturali e artigianali, gli studenti delle scuole primarie e secondarie, i funzionari municipali, i rappresentanti della società civile e gli attori culturali del territorio. Si stima che l’intervento potrà produrre ricadute positive su un bacino potenziale di circa 50.000 persone, corrispondente alla popolazione residente nei tre contesti principali di intervento: Nabeul (per Neapolis), Hammamet (per Pupput) e Kerkouane/Kelibia.","Istituto Centrale per il Restauro (ICR), Institut National du Patrimoine a Tunisi",Istituto Centrale per l’Archeologia – ICA / International Centre for the Study of the Preservation and Restoration of Cultural Property – ICCROM / Fondazione Santagata per l’economia della cultura / ARCS Arci Culture Solidali APS,Ministero degli Affari Esteri e della Cooperazione Internazionale (MAECI),2.2,EUR,,"€2,2 milioni",3 anni,Approvato,
AICS11,,Agricoltura/Pesca; Istruzione/Formazione/Cultura,Tunisia,1,Bilaterale,Bleue Tunisie – programma di sostegno all’economia blu per lo sviluppo sostenibile delle comunità costiere,Sviluppo dell'economia blu,"Il programma Bleue Tunisie punta a sviluppare un'economia blu sostenibile e competitiva in Tunisia, attraverso la valorizzazione delle aree costiere e la tutela del patrimonio marino, affrontando al contempo criticità strutturali come l'inefficienza delle infrastrutture portuali e l'assenza di un sistema formativo adeguato. Con un budget complessivo di 33 milioni di euro, ripartiti tra crediti d'aiuto e risorse a dono, il programma adotta un approccio integrato e territoriale articolato in due componenti principali. La prima componente, Appoggio alla modernizzazione dei porti di pesca e alla formazione professionale nell'economia blu in Tunisia, interviene con un investimento di 27,5 milioni di euro sulla modernizzazione di cinque porti di pesca lungo le coste tunisine — Sidi Daoued, El Kraten, Mahres, Skhira ed El Keft — e sulla riabilitazione dei centri di formazione professionale di Sfax e Zarzis. L'iniziativa si rivolge agli abitanti delle zone costiere, ai lavoratori del mare e ai giovani in formazione nel settore dell'economia blu, con l'obiettivo di dotare le comunità locali di infrastrutture moderne e di un'offerta formativa all'altezza delle sfide di un comparto in profonda trasformazione. La seconda componente, Nemo Hout — Rafforzamento della filiera della pesca nelle comunità costiere dei Governatorati di Nabeul, Sfax e Médenine — è gestita dal Centro Internazionale di Alti Studi Agronomici Mediterranei - CIHEAM di Bari con un budget di 5,5 milioni di euro e punta a integrare i porti nel tessuto socioeconomico locale, incrementando le opportunità occupazionali e sostenendo la pesca artigianale. L'azione rafforza le capacità delle autorità locali nel contrasto alla pesca illegale e adotta un approccio inclusivo orientato a valorizzare tutte le fasi della filiera ittica, aumentando il valore aggiunto dei prodotti senza incrementare la pressione sulle risorse marine e riducendo le perdite lungo la catena produttiva. I beneficiari dell'iniziativa includono i principali organismi pubblici del settore, le organizzazioni professionali, gli studenti dell'Agence de la vulgarisation et de la formation agricoles (AVFA) e gli attori privati della filiera.","Ministero dell’Agricoltura, delle Risorse Idriche e della Pesca Marittima (MARHP), Direzione Generale Pesca e Acquacultura (DGPAq), CIHEAM",,Ministero degli Affari Esteri e della Cooperazione Internazionale (MAECI),33.0,EUR,,€33 milioni,5 anni,In corso,
MASE01,,Energia,"Egitto, Tunisia, Marocco, Algeria, Kenya, Etiopia, Mozambico, Repubblica del Congo, Costa d'Avorio, Angola, Ghana, Mauritania, Senegal, Tanzania, Gabon, Ruanda, Repubblica Democratica del Congo, Zambia",18,Transnazionale,3DEN: Digital demand-driven electricity networks initiative,Digitalizzazione dei sistemi elettrici,"3DEN è una collaborazione inter-agenzia tra l'Agenzia Internazionale dell'Energia (IEA), il Ministero italiano dell'Ambiente e della Sicurezza Energetica (MASE) e il Programma delle Nazioni Unite per l'Ambiente (UNEP), nata con l'obiettivo di accelerare la modernizzazione dei sistemi elettrici nella Nazioni in via di sviluppo attraverso la digitalizzazione. La IEA fornisce analisi, strumenti e orientamenti di policy; UNEP gestisce il processo di selezione dei progetti pilota e ne supervisiona l'attuazione per garantire impatti concreti sul campo; il MASE finanzia l'iniziativa. La governance è affidata a un Comitato Congiunto formato da rappresentanti dei tre soggetti, che definisce le strategie e supervisiona l'attuazione. A livello operativo, la BASE Foundation accompagna le fasi di gara, valutazione, contrattualizzazione e monitoraggio dei progetti. Dopo una prima fase (2020–2024), che ha visto la realizzazione di quattro progetti pilota a livello globale, la seconda fase, annunciata alla COP29 a Baku e avviata formalmente alla COP30 a Belém nel novembre 2025, ha segnato un cambio di scala significativo, sia geografico che tematico, in linea con le priorità del Piano Mattei. I progetti della Fase II - per un investimento complessivo di 24,5 milioni di euro - sono stati selezionati tramite una call aperta nella primavera del 2025 che ha raccolto 93 candidature da otto Nazioni - sette in Africa (Sud Africa, Marocco, Tunisia, Kenya, Nigeria, Etiopia e Tanzania). Sono stati approvati 14 progetti con un focus sulla transizione energetica e sullo sviluppo sostenibile con un approccio che combina supporto di policy, orientamento agli investimenti e progetti dimostrativi replicabili. I progetti mirano ad accelerare la digitalizzazione delle reti energetiche urbane e del settore agro-alimentare, affrontando le sfide infrastrutturali, migliorando l'alfabetizzazione digitale e garantendo un accesso economico agli strumenti digitali. Sul fronte agricolo vengono sostenute tecnologie come la agricoltura di precisione, che tramite sensori e analisi dei dati permette di ottimizzare le rese e ridurre l'uso di risorse, e i sistemi di irrigazione digitale capaci di adeguarsi in tempo reale alle condizioni del suolo. In Nigeria, ad esempio, è già in via di sperimentazione una piattaforma digitale che connette gli agricoltori agli acquirenti tramite mercati del freddo intelligenti, con la creazione di gemelli digitali delle derrate stoccate che predicono la durata di conservazione e migliorano l'accesso ai mercati per i piccoli produttori. I 14 progetti vincenti vedono coinvolte decine di realtà italiane tra imprese, università, centri di ricerca, start-up alle quali è stato assegnato il 52.82% delle risorse.","Ministero dell'Ambiente e della Sicurezza Energetica (MASE), Programma delle Nazioni Unite per l'Ambiente (UNEP), Agenzia Internazionale dell'Energia (IEA)",,Ministero dell'Ambiente e della Sicurezza Energetica (MASE),24.5,EUR,,"€24,5 milioni",10 anni,In corso,Global Gateway/Team Europe
MASE03,,Energia,"Costa d'Avorio, Etiopia, Kenya, Mozambico, Repubblica del Congo, Tanzania, Tunisia, Mauritania, Ruanda, Zambia",10,Transnazionale,Energy for growth In Africa,Accesso all'energia elettrica e promozione di progetti di energia pulita,"Energy for Growth in Africa è un'iniziativa proposta dal Governo italiano e implementata dal Programma delle Nazioni Unite per lo Sviluppo (UNDP), approvata dai Leader del G7 al Vertice di Borgo Egnazia nel 2024 con il coinvolgimento di partner da tutto il continente africano. Il punto di partenza è un dato strutturale di enorme portata: circa 600 milioni di africani sono ancora privi di accesso all'elettricità e più di un miliardo cucina ancora su fuochi aperti con legna, carbone, cherosene e rifiuti animali, con conseguenze gravissime per salute, istruzione, clima e sviluppo economico, con impatti sproporzionati su donne e bambini. L'architettura dell'iniziativa si regge sull'identificazione da parte di UNDP in ciascuna Nazione di una programmazione di progetti di energia pulita — dalle mini-reti al solare, dall'idroelettrico all'eolico, dalla mobilità elettrica al biocarburante, dal clean cooking all'accesso energetico per strutture sanitarie — e sulla costruzione in parallelo di partenariati con le istituzioni finanziarie che dispiegano finanza climatica internazionale o che cercano opportunità di investimento nel settore energetico africano. UNDP con le sue sedi locali, si posiziona al centro di questa rete che collega progetti di energia pulita in linea con le priorità climatiche deille Nazioni con potenziali finanziatori, con l'obiettivo di accelerare il flusso di capitale verso l'Africa. L'approccio è costruito su quattro pilastri operativi: (i) ideazione e sviluppo di progetti energetici di energia pulita allineati alle strategie nazionali; (ii) assistenza tecnica per il miglioramento di studi di fattibilità, ""power purchase agreement"" e valutazioni di impatto ambientale e sociale; (iii) mobilizzazione di investimenti attraverso il raccordo con l'Istituzioni Finanziarie di Sviluppo; (iv) partnership strategiche per l'accesso a strumenti finanziari diversificati. UNDP si concentra sull'implementazione operativa. Sul fronte finanziario, l'iniziativa collabora con i i fondi bilaterali MASE, il Global Gateway/Team Europe dell'UE, la Banca Europea degli Investimenti e i partner G7, mobilitando strumenti finanziari diversificati per il settore energetico africano, e si integra con iniziative internazionali come la Partnership for Global Infrastructure and Investment (PGII), le Just Energy Transition Partnerships (JETPs) e il Processo di Roma. L'iniziativa mira a sviluppare progetti energetici puliti bancabili, attrarre capitale privato attraverso l'uso catalitico della finanza pubblica e dell'assistenza tecnica, incoraggiare la finanza agevolata e superare le barriere agli investimenti in energia pulita in tutta l'Africa. Sul piano della presenza geografica, l'iniziativa è oggi attiva in 10 Nazioni africane: Congo Brazzaville, Costa d'Avorio, Etiopia, Kenya, Mauritania, Mozambico, Ruanda, Tanzania, Tunisia e Zambia. Oltre una dozzina di progetti ad alta priorità sono già stati originati nelle Nazioni coinvolte a vari stadi di sviluppo, e per i più bancabili, è già in corso la connessione con finanziatori internazionali, incluse le Istituzioni finanziarie di sviluppo e investitori privati.","Ministero dell'Ambiente e della Sicurezza Energetica (MASE), Programma delle Nazioni Unite per lo Sviluppo (UNDP)",,Ministero dell'Ambiente e della Sicurezza Energetica (MASE),9.0,EUR,,€9 milioni,3 anni,In corso,Global Gateway/Team Europe; UNDP
MASE04,,Agricoltura/Pesca,"Ghana, Senegal, Benin, Burkina Faso, Niger",5,Transnazionale,"Sahelian landscapes, A Land of Opportunities - Widen Proven Furrows (LOGME II)","Lotta alla desertificazione e al degrado del suolo, recupero delle terre degradate e degli ecosistemi","LOGMe II — Sahelian Landscapes, a Land of Opportunities: Widen Proven Furrows — è la seconda fase di un programma interamente finanziato dal Ministero dell'Ambiente e della Sicurezza Energetica (MASE) e realizzato in collaborazione con il Global Mechanism della Convenzione delle Nazioni Unite per la Lotta alla Desertificazione (UNCCD), con l'Unione Internazionale per la Conservazione della Natura (IUCN) incaricata dell'attuazione sul campo. Il nuovo accordo, del valore di 11 milioni di euro, è stato firmato il 20 novembre 2024 e lanciato a margine della COP16 sulla Desertificazione a Riyadh nel dicembre 2024. Il progetto nasce come *diretta continuazione di LOGMe I — ""Creating Lands of Opportunity: Transforming Livelihoods through Landscape Restoration in the Sahel"" — interamente finanziato da MASE con 6 milioni di euro, implementato da IUCN e conclusosi con successo nel novembre 2024 in Burkina Faso, Niger e Ghana. I risultati della prima fase sono stati positivi e costituiscono la base scientifica e operativa su cui poggia l'intera seconda fase. In quattro anni il progetto ha raggiunto 684.963 beneficiari, di cui il 56,6% donne e il 36,6% giovani — più del doppio dell'obiettivo iniziale di 300.000 persone — e ha recuperato 34.910 ettari di terreno, superando del 75% il target prefissato di 20.000 ettari. Sul campo, gli interventi hanno incluso la piantagione di oltre 60.000 alberi, la creazione di vivai comunitari, l'installazione di pozzi solari, la formazione su cucine a bassa emissione, e lo sviluppo di cooperative femminili attive nella lavorazione del burro di karité e nell'apicoltura. LOGMe II mira a consolidare e ampliare questi risultati, estendendo il perimetro geografico a due nuove Nazioni: Benin e Senegal. La logica del titolo — ""Widen Proven Furrows"", allargare i solchi già tracciati — è anche la logica operativa: non sperimentare ex novo, ma scalare con rigore metodologico ciò che la prima fase ha dimostrato funzionare. Il lancio operativo è avvenuto a Dakar nel maggio 2025, con un workshop regionale che ha riunito rappresentanti dei Governi, delle agenzie implementatrici, dei partner tecnici, delle università e della società civile delle cinque Nazioni target. Le discussioni hanno evidenziato la necessità di integrare approcci basati sugli ecosistemi, rafforzare le filiere agricole resilienti e promuovere green jobs, con un forte incoraggiamento alla partecipazione del mondo accademico per garantire una solida base scientifica alle azioni. L'approccio metodologico si distingue per una filosofia partecipativa radicata nei contesti locali Le attività previste includono il recupero di terre degradate, la diffusione di pratiche agricole sostenibili e resilienti ai cambiamenti climatici, la promozione di catene di valore legate ai prodotti della terra, il miglioramento delle condizioni di vita delle comunità locali tramite accesso all'acqua e all'energia. Il progetto si inserisce nell'architettura più ampia della Grande Muraglia Verde, l'iniziativa guidata dalle Nazioni africane per restaurare 100 milioni di ettari di terre degradate nel Sahel.","Ministero dell'Ambiente e della Sicurezza Energetica (MASE),Convenzione delle Nazioni Unite per la Lotta alla Desertificazione (UNCCD), Unione Internazionale per la Conservazione della Natura (IUCN)",,Ministero dell'Ambiente e della Sicurezza Energetica (MASE),11.0,EUR,,€11 milioni,3 anni,In corso,
MASE05,,Energia; Acqua; Agricoltura/Pesca,"Egitto, Tunisia, Marocco, Algeria, Kenya, Etiopia, Mozambico, Repubblica del Congo, Costa d'Avorio, Angola, Ghana, Mauritania, Senegal, Tanzania, Gabon, Ruanda, Repubblica Democratica del Congo, Zambia",18,Transnazionale,Platform for investment support and technical assistance (PISTA),Mobilitazione di finanza climatica per progetti bancabili nei Paesi in via di sviluppo,"PISTA — Platform for Investment Support and Technical Assistance — è una piattaforma di finanza climatica istituita dal Centro di Roma per l'Azione Climatica e la Transizione Energetica del Programma delle Nazioni Unite per lo Sviluppo (UNDP) con il finanziamento del Ministero italiano dell'Ambiente e della Sicurezza Energetica. Lanciata il 17 giugno 2024, ha l'obiettivo di affiancare le attività esistenti del Centro con quelle legate agli sforzi di cooperazione internazionale del MASE, fungendo al contempo da catalizzatore per lo sviluppo di proposte progettuali potenzialmente eleggibili al Fondo Italiano per il Clima o ad altri strumenti di finanziamento internazionale. PISTA fornisce assistenza tecnica per preparare progetti di grandi dimensioni ad alto impatto, rendendoli bancabili e pronti per l'investimento, e li connette con potenziali finanziatori, puntando a sbloccare oltre 500 milioni di dollari in blended finance nel corso dei quattro anni di attuazione. Sul piano operativo, la struttura della piattaforma si articola in due componenti complementari: (i) una Investment Cooperation Window (ICW), dotata di 16,6 milioni di dollari, che fornisce assistenza tecnica per rendere i progetti bancabili e favorirne l'accesso ai finanziatori internazionali, attraverso un intervento ""midstream"" per rafforzare design, fattibilità e salvaguardie socio-ambientali dei progetti e un sostegno ""upstream"" di policy e capacity building istituzionale, per creare le condizioni abilitanti all'investimento, allineando quadri regolatori e rimuovendo barriere sistemiche. (ii) una Bilateral Cooperation Window (BCW), da 4 milioni di dollari, che supporta la cooperazione bilaterale di MASE attraverso gli uffici locali di UNDP. PISTA opera su quattro settori prioritari: energia rinnovabile e transizione energetica; agricoltura resiliente al clima e sicurezza alimentare; gestione dell'acqua e del suolo, compresa la restaurazione degli ecosistemi degradati; infrastrutture verdi, mobilità a basse emissioni ed economia circolare; servizi finanziari, per rafforzare istituzioni e fondi nell'ampliare l'accesso agli strumenti di finanza verde. Il primo bando ha attratto 50 candidature da 23 Nazioni africane, portando alla selezione di 15 progetti che ricevono assistenza tecnica nel primo anno. Nel suo primo anno di attività, PISTA ha mobilizzato assistenza tecnica per far avanzare 16 progetti in 16 Nazioni del continente, dall'energia rinnovabile in Egitto all'agricoltura sostenibile in Ruanda e alla resilienza costiera in Nigeria. Alcuni casi esemplificano bene la varietà dell'intervento: (i) in Etiopia, PISTA ha sostenuto l'Innovative Finance Lab — iniziativa congiunta della Banca Nazionale etiope, dell'Ethiopian Capital Market Authority e di UNDP — per sviluppare l'Enterprise Financing Facility, un fondo-di-fondi da 100 milioni di dollari in finanza mista destinato a PMI e startup, con una cornice di monitoraggio ambientale e sociale; (ii) in Angola, ha affiancato la firma di un Memorandum tra UNDP e BODIVA, la borsa valori nazionale, per promuovere obbligazioni verdi e climatiche che canalizzino investimenti verso i settori prioritari della transizione. Alla COP30 sono stati presentati i risultati di PISTA 2025 e lanciata la call for proposals 2026. L'espansione più recente, annunciata nel maggio 2026, riguarda il sostegno alle PMI africane a impatto climatico, attraverso la collaborazione con l'Africa Sustainable Finance Hub nell'iniziativa ""SDG Pipeline Builder x PISTA: Scaling African SMEs in Climate Resilience"", focalizzata su Ghana, Kenya, Malawi, Repubblica del Congo, Mauritania e Senegal.",Programma delle Nazioni Unite per lo Sviluppo (UNDP),,Ministero dell'Ambiente e della Sicurezza Energetica (MASE),20.6,EUR,,"€20,6 milioni",3 anni,In corso,Global Gateway/Team Europe; UNDP
MASE06,MASE05,Energia; Istruzione/Formazione/Cultura,Mauritania,1,Bilaterale,PISTA / Projet d’Electrification Rurale des Zones Isolées (PERZI) in Mauritania,Accesso all'energia elettrica,"Il Programma di Elettrificazione Rurale delle Aree Isolate (PERZI) mira a ridurre le disparità rurali nell’accesso all’energia elettrica, promuovere la crescita economica e migliorare le condizioni di vita. Il programma prevede l’installazione di 200 mini-centrali solari autonome in 200 aree isolate, il sostegno alle PMI locali nell'utilizzo di energia pulita e il rafforzamento delle capacità tecniche a livello nazionale e comunitario, per facilitare la transizione verso un’economia più verde e sostenere gli sforzi di mitigazione dei cambiamenti climatici.",Programma delle Nazioni Unite per lo Sviluppo (UNDP),,Ministero dell'Ambiente e della Sicurezza Energetica (MASE),0.17,EUR,,€170 mila,4 anni,In corso,
MASE07,MASE05,Energia,Egitto,1,Bilaterale,PISTA / Expanding grid-connected small scale solar plants in the industrial and commercial sector in Egitto,Transizione energetica,"Il progetto mira a promuovere la transizione energetica dell’Egitto accelerando l’adozione dell’energia solare decentralizzata connessa alla rete nei settori industriale e commerciale. Guidato dal Programma delle Nazioni Unite per lo Sviluppo (UNDP) in collaborazione con una delle principali banche nazionali dell’Egitto, il progetto intende istituire una linea di credito dedicata da 150 milioni di dollari. La linea di credito sosterrà produttori indipendenti di energia con esperienza nell’acquisto, installazione e implementazione di 200 MW di impianti fotovoltaici solari in fabbriche ed edifici commerciali sia pubblici che privati, sfruttando le abbondanti risorse solari dell’Egitto e in linea con gli obiettivi nazionali in materia di energia e clima.",Programma delle Nazioni Unite per lo Sviluppo (UNDP),Banca Nazionale d'Egitto,Ministero dell'Ambiente e della Sicurezza Energetica (MASE),0.17,EUR,,€170 mila,5 anni,In corso,
MASE08,MASE05,Energia,Tunisia,1,Bilaterale,PISTA / Development of a bio-methanization project in Djerba Island in Tunisia,Trattamento rifiuti e accesso all'energia,"Il progetto intende realizzare un impianto per il trattamento dei rifiuti organici provenienti dalle strutture alberghiere dell’isola di Djerba. Il progetto punta a promuovere una crescita socio-economica sostenibile, orientata alla sostenibilità ecologica, alla resilienza e all’equità. Saranno sviluppati processi solidi e replicabili di bio-metanizzazione - processo sostenibile di trasformazione dei rifiuti in energia - che saranno utilizzati come azioni pilota da replicare in tutta la Tunisia, in base al potenziale delle diverse località della Nazione.",Programma delle Nazioni Unite per lo Sviluppo (UNDP),Governo Tunisia,Ministero dell'Ambiente e della Sicurezza Energetica (MASE),0.17,EUR,,€170 mila,1 anno,Concluso,
MASE9,MASE05,Acqua,Repubblica del Congo,1,Bilaterale,PISTA / Sistema di approvvigionamento di acqua potabile (SAEP) DJOUE II,Gestione delle risorse idriche,"Il progetto SAEP Djoué II mira a migliorare l'approvvigionamento di acqua potabile a Brazzaville e nelle aree circostanti costruendo infrastrutture moderne e resilienti per soddisfare il fabbisogno idrico fino al 2040 e resistere agli eventi climatici estremi. Gli investimenti proposti includono la costruzione modulare sul fiume Djoué, con impianti di raccolta e trattamento dell'acqua, reti di distribuzione nuove e rinnovate e fornitura di energia elettrica, con l'obiettivo di garantire l'accesso all'acqua potabile a oltre un milione di cittadini. La fase di preparazione del progetto è guidata dal Programma delle Nazioni Unite per lo Sviluppo (UNDP), in stretta collaborazione con il Ministero dell'Ambiente e della Sicurezza Energetica (MASE), La Congolaise Des Eaux (prima società per azioni a gestire il patrimonio pubblico di acqua potabile in Congo) e il Ministero dell'Energia e dell'Acqua. Il progetto è allineato agli obiettivi di adattamento climatico delineati negli NDC aggiornati della Nazione, ponendo l'accento sulla gestione integrata delle risorse idriche e sulle infrastrutture resilienti. L'intervento riguarda specificamente lo studio di fattibilità tecnico-economica del progetto, finalizzato a definire le modalità di potenziamento della rete idrica integrata di Brazzaville.","Programma delle Nazioni Unite per lo Sviluppo (UNDP), ACEA, Studio Petrangeli","La Congolaise Des Eaux, Ministero dell'Energia e dell'Acqua",Ministero dell'Ambiente e della Sicurezza Energetica (MASE),2.8,EUR,,"€2,8 milioni",10 Mesi,In corso,
MASE10,,Infrastrutture fisiche e digitali,"Etiopia, Ghana, Mauritius, Senegal",4,Transnazionale,G7 Adaptation Accelerator Hub,Accelerazione dell'adattamento climatico nelle Nazioni più vulnerabili,"Il G7 Adaptation Accelerator Hub (AAH) è un'iniziativa promossa dal Ministero dell'Ambiente e della Sicurezza Energetica nell'ambito della Presidenza italiana del G7 nel 2024, con il supporto del Programma delle Nazioni Unite per lo Sviluppo (UNDP). L'iniziativa sostiene le Nazioni partner nell'attuazione dei National Adaptation Plans (NAPs), contribuendo a tradurre le priorità nazionali di adattamento in interventi concreti e percorsi di investimento orientati all'implementazione. L'Adaptation Accelerator Hub opera come abilitatore strategico, favorendo il coordinamento e la complementarità tra iniziative, strumenti e partner già attivi nel settore dell'adattamento climatico. In particolare, il lavoro dell'Hub si articola sullo sviluppo di Adaptation Investment Plans (AIP), sul rafforzamento delle capacità istituzionali e dei meccanismi di coordinamento nazionali e sul coinvolgimento di partner tecnici e finanziari a supporto dell'attuazione delle priorità di adattamento individuate dai Paesi beneficiari. L'Hub lavora in sinergia con organizzazioni e iniziative internazionali attive nel settore dell'adattamento climatico, tra cui NAP Global Network, Team Europe e banche multilaterali di sviluppo, favorendo il raccordo tra governi, istituzioni finanziarie, partner tecnici e settore privato e valorizzando strumenti e programmi già esistenti. Tale approccio consente di rafforzare l'efficacia delle azioni di adattamento, facilitare l'accesso ad assistenza tecnica specializzata e promuovere opportunità di investimento coerenti con le priorità nazionali. L'iniziativa mira a rafforzare la resilienza climatica delle Nazioni partner, migliorare la capacità di pianificazione e attuazione delle misure di adattamento e sostenere la mobilitazione di partenariati e risorse a supporto dello sviluppo sostenibile, in coerenza con le priorità del Piano Mattei. L'Adaptation Accelerator Hub ha avviato in Africa attività tecniche con Etiopia, Ghana, Senegal, Maldive e Mauritius in collaborazione con le Nazioni G7. L'Etiopia, prima nazione a beneficiare dell'assistenza tecnica in tale ambito, sta sviluppando la prima Adaptation Investment Strategy elaborata nel contesto del Memorandum of Understanding sull'adattamento firmato tra Italia ed Etiopia il 9 settembre 2025 che ha fornito il quadro istituzionale per sviluppare la prima Strategia nazionale di investimento per l’adattamento della Nazione. Tale strategia consentirà di trasformare priorità settoriali, come gestione idrica, agricoltura resiliente e infrastrutture, in pipeline progettuali strutturate, offrendo un modello replicabile anche in altri contesti.",Ministero dell'ambiente e della sicurezza energetica (MASE); Programma delle Nazioni Unite per lo Sviluppo (UNDP),G7,Ministero dell'Ambiente e della Sicurezza Energetica (MASE),6.0,EUR,,€6 milioni,2 anni,In corso,UNDP
MIC01,,Istruzione/Formazione/Cultura,"Algeria, Costa d'Avorio, Egitto, Etiopia, Kenya, Marocco, Mozambico, Repubblica del Congo, Tanzania, Sudafrica, Ruanda, Mauritania, Ghana, Angola, Tunisia, Senegal",16,Transnazionale,Premio Mattei per la cooperazione culturale,"Valorizzazione del patrimonio culturale, collaborazione artistica e formazione","Promosso dal Ministero della Cultura, il Premio Internazionale Mattei per le Arti e la Cultura si pone l'obiettivo di consolidare le relazioni tra l’Italia, l’Europa e il Continente africano, promuovendo un modello finalizzato al riconoscimento e alla promozione di iniziative di tipo culturale. Ispirandosi alla visione di Enrico Mattei, l'iniziativa sostiene progetti creativi e innovativi in ambito culturale e favorisce la sinergia tra produzione artistica, alta formazione e scambi interculturali. Ciò avvalendosi della rete diplomatica italiana d’intesa con il Ministero degli Affari Esteri e della Cooperazione Internazionale e coinvolgendo artisti e creativi provenienti o operanti stabilmente nelle Nazioni partner. Con il sostegno tecnico-organizzativo dell'Istituto Centrale per la Valorizzazione Economica e la Promozione (IC-VEPP) il Premio intende rafforzare la cooperazione culturale tra l'Italia e le Nazioni africane lungo tre direttrici : - Valorizzazione del patrimonio culturale contemporaneo attraverso il riconoscimento dell'eccellenza delle espressioni artistiche africane nelle diverse discipline (arti visive, arti performative e design, cinema, musica e letteratura), favorendone la produzione e la circolazione in diversi ambiti. - Investimento nel capitale umano promuovendo lo sviluppo professionale attraverso programmi di formazione specialistica . - Sostegno a iniziative creative attraverso la promozione di progetti di carattere sperimentale con elementi di originalità, con particolare rilevanza per la dimensione collettiva.","Ministero della Cultura, MAECI e Istituto Centrale per la Valorizzazione Economica e la Promozione del Patrimonio culturale (IC-VEPP)",,Ministero della Cultura,1.0,EUR,,€1 milione,1 anno,Formulato,
MIC02,,Istruzione/Formazione/Cultura,"Algeria, Egitto, Marocco, Tunisia",4,Transnazionale,Polo culturale MAXXI Med,Valorizzazione del patrimonio culturale,"Il MAXXI Med è il nuovo polo per la creatività contemporanea con sede a Messina che ha l'obiettivo di diventare un centro nevralgico per il dialogo culturale nel Mediterraneo, utilizzando la cultura come strumento di coesione sociale e motore di sviluppo e crescita tra le diverse Nazioni del bacino mediterraneo. Con un approccio interdisciplinare il centro esplorerà diverse pratiche artistiche in evoluzione, tra cui musica, danza e performance in un ambito geografico che si estende dalla Sicilia al Nord Africa, attraverso una valorizzazione del legame storico e sociale tra queste aree.","Fondazione MAXXI, Ministero della Cultura, Scuola nazionale del patrimonio e delle attività culturali, Comune di Messina e Università degli Studi di Messina",,Ministero della Cultura,0.5,EUR,,€500 mila,,Identificato,
MIC05,,Istruzione/Formazione/Cultura,Algeria,1,Bilaterale,Gemellaggio tra il Parco archeologico di Pompei e la Città antica di Timgad in Algeria,Valorizzazione del patrimonio culturale e collaborazione in ambito artistico e turistico,"Il gemellaggio tra il Parco Archeologico di Pompei e la Città antica di Timgad prevede la realizzazione di attività congiunte di ricerca, formazione e valorizzazione museale, anche attraverso l'organizzazione di mostre e conferenze di studio. Sono in fase di progettazione anche programmi di formazione a cura dell’Istituto Centrale di Restauro per sostenere la valorizzazione dell'importante patrimonio archeologico algerino.",Parco Archeologico di Pompei,,Ministero della Cultura,,,,,Pluriannuale,Formulato,
MIC06,,Istruzione/Formazione/Cultura,Egitto,1,Bilaterale,Valorizzazione del patrimonio culturale egiziano,Valorizzazione del patrimonio culturale e collaborazione in ambito artistico e turistico,"Con il Ministero delle Antichità e del Turismo egiziano, il Ministero della Cultura ha avviato un piano di collaborazione per la valorizzazione, anche con finalità di promozione turistica, del patrimonio culturale egiziano in Italia e nel mondo. Il primo progetto è stato la realizzazione della mostra ""I Tesori dei Faraoni"" (Scuderie del Quirinale, 24 ottobre 20025 - 14 giugno 2026), una esposizione finanziata dal Ministero della Cultura italiano, che ha presentato 130 capolavori dell'arte egizia provenienti dai più importanti musei egiziani, fra i quali il Museo Egizio del Cairo e il Museo di Luxor. La mostra, la più grande esposizione temporanea di antichità egizie organizzata in Italia negli ultimi venti anni, è stata inaugurata dal Presidente della Repubblica e ha registrato circa 400 mila visitatori. D'intesa con il Ministeri del Turismo e delle Antichità egiziano, la mostra farà tappa negli Stati Uniti, inaugurando il 29 luglio 2026 a San Francisco.",Arte Lavoro e Servizi (Ales),,Ministero della Cultura,4.7,EUR,,"€ 4,7 milioni",-,In corso,
MIC07,,Istruzione/Formazione/Cultura,Tunisia,1,Bilaterale,Gemellaggio tra il Parco archeologico del Colosseo e l'Anfiteatro di El-Jem e Valorizzazione del patrimonio archeologico tunisino,Valorizzazione del patrimonio culturale e collaborazione in ambito artistico e turistico,"Il Parco Archeologico del Colosseo ha avviato nel 2019 una collaborazione con l'Istituto Nazionale del Patrimonio tunisino al fine di avviare programmi congiunti di valorizzazione del patrimonio archeologico tunisino. Il percorso è stato poi consolidato nell'aprile 2024, in attuazione della volontà condivisa del Presidente tunisino, Kaïs Saïed, e della Presidente del Consiglio, Giorgia Meloni, di rafforzare la dimensione culturale del partenariato bilaterale nel quadro del Piano Mattei con l'obiettivo di valorizzare le radici comuni mediterranee e il patrimonio tunisino anche come leva strategica per lo sviluppo turistico della Nazione. Il Memorandum of Understanding firmato nell'aprile 2024 vede come parti il Parco Archeologico del Colosseo, l'INP - Institut National du Patrimoine e l'AMVPPC - Agence de Mise en Valeur du Patrimoine et de Promotion Culturelle, con l'obiettivo di collaborare a scavi archeologici e interventi di restauro sul sito dell'antica Thysdrus, interessando il grande anfiteatro, il piccolo anfiteatro, il circo, le domus romane e le decorazioni musive. Il MoU prevede anche il miglioramento delle capacità di accoglienza e lo scambio di esperienze e buone pratiche nel campo della conservazione, valorizzazione e accessibilità. Le attività operative sono entrate nel vivo nel 2025 con la fase di rilievo 3D laser scanning delle aree oggetto di interventoe con l'avvio dei lavori di conservazione e manutenzione dei mosaici delle domus romane e l'avvio dei lavori per l'installazione di un ascensore per persone con disabilità all'interno dell'anfiteatro Il gemellaggio si estende anche al sito di Zama, l'antica città nordafricana legata alla battaglia del 202 a.C. che segnò la fine della Seconda guerra punica. L'accordo quadro mira a promuovere la salvaguardia, la documentazione e la valorizzazione del ricco patrimonio di El Jem — celebre per il suo anfiteatro e le raffinate domus decorate da mosaici — e del grande santuario della Magna Mater e di Attis a Zama, con attività congiunte di conservazione, scavo e valorizzazione. Tra i progetti principali la realizzazione della mostra ""Magna Mater tra Zama e Roma"": trenta sculture inedite datate tra il I secolo a.C. e il II secolo d.C., rinvenute a Zama e restaurate in Italia da un'équipe congiunta di restauratori italiani e tunisini grazie al sostegno del Parco del Colosseo, sono state esposte dal 6 giugno al 5 novembre 2025 al Colosseo di Roma con quasi tre milioni di visitatori, portando i tesori tunisini al centro del circuito culturale globale. Il 21 gennaio 2026, le opere sono rientrate definitivamente in Tunisia e sono state inaugurate al Museo Nazionale del Bardo di Tunisi.","Parco Archeologico del Colosseo, Anfiteatro di El-Jem",,Ministero della Cultura,0.25,EUR,,€250 mila,3 anni,In corso,
MIC08,,Istruzione/Formazione/Cultura,"Algeria, Costa d'Avorio, Etiopia, Angola, Kenya, Marocco, Mozambico, Senegal, Tunisia, Tanzania",10,Transnazionale,World Heritage in Africa: Processes and Strategies (WHAPS),Formazione in ambito culturale,"WHAPS — World Heritage in Africa: Processes and Strategies — è un'iniziativa di formazione e cooperazione promossa dalla Scuola Nazionale del Patrimonio e delle Attività Culturali (SNPAC), fondata dal Ministero della Cultura italiano, e dal Centro Internazionale di Studi per la Conservazione e il Restauro dei Beni Culturali (ICCROM), con sede a Roma. Il Memorandum of Understanding tra le due istituzioni è stato firmato nel luglio 2024, avviando formalmente il progetto. L'Africa rimane fortemente sottorappresentata nella Lista del Patrimonio Mondiale UNESCO, con soli 131 siti — circa il 12% del totale mondiale — di cui 23 figurano nella Lista del Patrimonio in Pericolo, pari al 42% di tutti i siti a rischio nel mondo. WHAPS vuole rispondere a questo divario attraverso un programma di capacity building che coinvolge professionisti africani e italiani, capitalizzando la significativa esperienza italiana nei processi di candidatura UNESCO. L'iniziativa promuove lo sviluppo di politiche culturali capaci di trasformare la cultura in motore sociale ed economico per le Nazioni africane, coltivando il dialogo e lo scambio reciproco sull'implementazione delle Convenzioni UNESCO. Il programma si è articolato in tre fasi nell'arco di nove mesi, dal marzo al novembre 2025. La prima fase si è svolta in presenza al Great Zimbabwe National Monument in Zimbabwe, dal 3 al 7 marzo 2025, riunendo oltre 60 professionisti del patrimonio culturale e rappresentanti di istituzioni nazionali e internazionali provenienti da 27 Nazioni. Hanno fatto seguito sei mesi di programma di mentoring online con sessioni bimestrali di due ore ciascuna, tenute da istruttori specializzati, sulle fondamenta del Patrimonio Mondiale — candidature, stato di conservazione, valutazione di impatto sul patrimonio. Il ciclo si è concluso con un workshop di tre giorni a Roma a novembre 2025. Al programma hanno partecipato 29 professionisti del patrimonio provenienti da 26 Nazioni africane e uno dall'Italiacreando una rete di professionisti, università, istituzioni del patrimonio e autorità nazionali equipaggiati con competenze rafforzate e impegnati in una comunità di pratica condivisa per la tutela del patrimonio africano.","Ministero della Cultura, Scuola Nazionale del Patrimonio e delle Attività Culturali (SNPAC) e Centro Internazionale di Studi per la Conservazione e il Restauro dei Beni Culturali (ICCROM),",,Ministero della Cultura,0.426,EUR,,€426 mila,6 mesi,Concluso,
MIC09,,Istruzione/Formazione/Cultura,"Algeria, Angola, Repubblica del Congo, Egitto, Ghana, Costa d'Avorio, Kenya, Marocco, Mozambico, Senegal, Tanzania, Tunisia",12,Transnazionale,IV Edizione di International School of Cultural Heritage (ISCH),Formazione in ambito culturale,"La International School of Cultural Heritage (ISCH) è un programma di aggiornamento professionale e scambio internazionale avviato nel 2019, promosso dal Ministero della Cultura italiano e dalla Scuola Nazionale del Patrimonio e delle Attività Culturali (SNPAC), che ne cura la realizzazione, con il supporto del Ministero degli Affari Esteri e della Cooperazione Internazionale. Con la IV edizione il raccordo con il Piano Mattei diventa il filo conduttore esplicito dell'iniziativa. Avviata nel febbraio 2026, l'ultima edizione mette in rete 23 professionisti del patrimonio culturale provenienti da 12 Nazioni africane: Algeria, Angola, Congo-Brazzaville, Egitto, Ghana, Costa d'Avorio, Kenya, Marocco, Mozambico, Senegal, Tanzania e Tunisia. I partecipanti — direttori, funzionari, esperti museali, curatori e conservatori, bibliotecari e archivisti — sono stati candidati al programma direttamente dalle istituzioni culturali delle rispettive Nazioni. La scuola è dedicata alla gestione, conservazione e valorizzazione delle collezioni d'arte, con un focus su Mediterraneo e Africa, combinando sessioni online, workshop, visite studio e residenze presso istituzioni culturali italiane, con l'obiettivo di sviluppare progetti congiunti e promuovere un approccio interdisciplinare che mette a confronto prospettive curatoriali, conservative e gestionali. Strutturato in un modulo online e in un periodo di residenze di un mese presso istituzioni culturali italiane, il programma costituisce un'opportunità di approfondire un approccio interdisciplinare alla curatela e alla gestione delle collezioni. Ciò al fine di promuovere partenariati internazionali e progetti di ricerca congiunti, favorendo la riflessione sul patrimonio condiviso come terreno di dialogo interculturale e di cooperazione internazionale. Sul piano delle istituzioni italiane coinvolte, la rete è ampia e diversificata: il Museo Archeologico Nazionale di Napoli, il Museo Archeologico Nazionale di Reggio Calabria, il Museo Archeologico Nazionale di Taranto MArTA, il MUCIV Museo delle Civiltà, il Museo Archeologico dell'Agro Falisco e Forte Sangallo, i Musei e Parchi Archeologici di Praeneste e di Gabii. Ciascuna di queste istituzioni partecipa attivamente sia alla progettazione delle attività sia all'accoglienza dei professionisti, contribuendo alla costruzione di un network professionale internazionale e alla sperimentazione di nuove forme di cooperazione culturale.",Scuola nazionale del patrimonio e delle attività culturali e da International Centre for the Study of the Preservation and Restoration of Cultural Property (ICCROM) tramite Great Zimbabwe National Monument,,Ministero della Cultura,0.4,EUR,,€400 mila,2 anni,In corso,
MIM01,,Istruzione/Formazione/Cultura,Algeria,1,Bilaterale,Memorandum d'intesa in materia di istruzione tecnico e professionale,Cooperazione in materia di istruzione tecnica e promozione della qualità dell'insegnamento della lingua italiana,"Il Ministero dell'Istruzione e del Merito ha concluso due Memorandum d'Intesa con l'Algeria in materia di istruzione il 2 dicembre 2024. Il primo Memorandum, concluso con il Ministero dell'Istruzione algerino ha il duplice scopo di migliorare la qualità dell'insegnamento della lingua italiana nel sistema scolastico algerino e di rafforzare la cooperazione nel settore dell'istruzione tecnologica. La collaborazione prevede la realizzazione del progetto ""Imparare l'italiano in Algeria"", che comprende specifici corsi di formazione metodologico-didattica per insegnanti di lingua italiana presso le scuole algerine, destinati a 20 docenti selezionati dal Ministero algerino. Il progetto è stato affidato all'Università per Stranieri di Perugia e comprende una parte di formazione da remoto e una parte di tirocinio in Italia, includendo anche il sostegno all'elaborazione del Sillabo di Lingua Italiana. Il secondo Memorandum concluso con il Ministero dell'Istruzione e Formazione Professionale algerino, prevede il rafforzamento della cooperazione nel campo dell'istruzione tecnica e professionale, con particolare riguardo all’internazionalizzazione degli Istituti Tecnologici Superiori (ITS Academy). L’obiettivo è valorizzare i talenti e contribuire a rispondere al crescente fabbisogno di manodopera specializzata fornendo nuove opportunità professionali alle giovani generazioni algerine. Con particolare riferimento alla cooperazione nel settore dell'istruzione tecnologica sono in corso di affidamento le attività di partenariato tra gli istituti educativi.","Ministero dell'Istruzione Nazionale della Repubblica Algerina Democratica e Popolare, ITS Academy italiani e Università per Stranieri di Perugia",,Altre risorse,5.085,EUR,,"5 milioni per internazionalizzione ITS (Algeria, Egitto, Tunisia, Etiopia) e 85mila euro per promozione dell'insegnamento della lingua italiana",2 anni (MoU Istruzione) e 5 anni (MoU Istruzione tecnica e professionale),In corso,
MIM02,,Istruzione/Formazione/Cultura,Egitto,1,Bilaterale,Memorandum d’intesa in materia di istruzione e istruzione tecnico professionale,Cooperazione in materia di istruzione tecnica e promozione della qualità dell'insegnamento della lingua italiana,"Il Memorandum d'Intesa firmato nel marzo 2024 dal Ministero dell'Istruzione e del Merito con il Ministero dell'Istruzione e dell'Istruzione Tecnica della Repubblica Araba di Egitto mira al rafforzamento della cooperazione bilaterale in materia di istruzione tecnica e professionale e al miglioramento della qualità dell'insegnamento della lingua italiana nel sistema scolastico egiziano. Il Memorandum è stato integrato dal Protocollo di intesa firmato in occasione del Mediterranean TechSkills forum, evento internazionale a iniziativa italo-egiziana in ambito di istruzione tecnico-professionale svoltosi in Egitto a giugno 2026, insieme a una dichiarazione di intenti per rafforzare le iniziative comuni in materia di istruzione agraria. Uno degli obiettivi primari degli accordi è lo sviluppo di programmi di attività, incentrati sui partenariati tra le scuole tecniche e professionali del sistema d'istruzione egiziano e gli ITS Academy. La prima fiera educativa italiana in Africa – il “Villaggio Italia” svoltosi nel febbraio 2025 presso la Scuola italiana paritaria del Cairo ""Istituto Don Bosco"" – ha visto la partecipazione di rappresentanti di istituti scolastici e aziende italiane e di oltre 2.000 visitatori e la firma di protocolli tra enti educativi italiani e ITS italiani con scuole e enti formativi egiziani nei settori della meccatronica e mobilità sostenibile, della chimica, del tessile, della salute e dell’agroalimentare. Il progetto ""Apprendere l'Italiano in Egitto"" ha l’obiettivo di migliorare la qualità dell'insegnamento della lingua italiana nel sistema scolastico egiziano attraverso un corso di qualificazione professionale specifico per l'insegnamento dell'italiano come lingua straniera rivolto a 30 docenti selezionati dal Ministero egiziano, tra gli insegnanti di lingua italiana nel sistema nazionale di istruzione e di istruzione e formazione tecnica e professionale. Il progetto si è concluso nell'autunno del 2025 e in occasione del Mediterranean TechSkills forum è stata annunciata una seconda fase. La cooperazione mira altresì al rafforzamento del processo di certificazione delle competenze professionali per incoraggiare l'inserimento di personale qualificato nel mercato del lavoro italiano, nonché una collaborazione tra i due Ministeri con l'obiettivo di facilitare l'accesso degli studenti egiziani con diploma tecnico nei percorsi realizzati dalle ITS Academy.","Ministero dell'Istruzione e dell'Istruzione Tecnica della Repubblica Araba di Egitto, ITS Academy italiani e Università per Stranieri di Siena",,Altre risorse,5.1,EUR,,"5 milioni per internazionalizzione ITS (Algeria, Egitto, Tunisia, Etiopia) e 100mila euro per promozione della lingua italiana",4 anni,In corso,
MIM03,,Istruzione/Formazione/Cultura,Etiopia,1,Bilaterale,Memorandum d’intesa in materia di istruzione tecnica,Cooperazione in materia di istruzione tecnica,"Il Ministero dell'Istruzione e del Merito ha firmato un Memorandum d'intesa con il Ministero dell'Istruzione etiope per il rafforzamento della cooperazione nel settore dell'istruzione tecnica, allo scopo di migliorare le conoscenze e le competenze degli studenti al fine di sostenere l'occupazione, rafforzare l'imprenditorialità e ridurre lo squilibrio tra le competenze acquisite dagli studenti e le esigenze del mercato del lavoro. Nel contesto del Memorandum Italia e Etiopia hanno individuato aree di reciproco interesse e sviluppato un programma di attività incentrato sui partenariati tra istituti tecnici, incoraggiando anche la partecipazione del Sistema italiano degli Istituti tecnici secondari e dell'Istruzione Tecnologica Superiore (ITS Academy) attraverso il finanziamento di progetti formativi attivati nell'ambito delle iniziative di internazionalizzazione promosse nel quadro del Piano Mattei. Sono infine incoraggiati gli scambi tra gli istituti delle due Nazioni nell'ambito del Progetto ""Crescere Insieme"" del Ministero dell'Istruzione e del Merito.","Ministero dell'Istruzione della Repubblica Federale Democratica dell'Etiopia, ITS Academy italiani",,Altre risorse,5.0,EUR,,"5 milioni per internazionalizzione ITS (Algeria, Egitto, Tunisia, Etiopia)",4 anni,In corso,
MIM04,,Istruzione/Formazione/Cultura,Tunisia,1,Bilaterale,Memorandum d’intesa in materia di istruzione e istruzione tecnica,Cooperazione in materia di istruzione tecnica e promozione della qualità dell'insegnamento della lingua italiana,"Il Memorandum d'Intesa firmato nel marzo 2024 dal Ministero dell'Istruzione e del Merito con il Ministero dell'Istruzione della Repubblica tunisina mira al rafforzamento della cooperazione bilaterale in materia di istruzione tecnica e professionale e al miglioramento della qualità dell'insegnamento della lingua italiana nel sistema scolastico tunisino. Uno degli obiettivi primari degli accordi è lo sviluppo di programmi di attività, incentrati sui partenariati tra le scuole tecniche e professionali del sistema d'istruzione tunisino e gli ITS Academy con il finanziamento di progetti formativi per l'internazionalizzazione delle attività degli istituti con un focus particolare sui settori principali della cooperazione economica tra Italia e Tunisia, come l'energia, l'edilizia, l'agricoltura e il tessile. Il progetto ""Apprendere l'Italiano in Tunisia"" ha l’obiettivo di migliorare la qualità dell'insegnamento della lingua italiana nel sistema scolastico egiziano attraverso un corso di qualificazione professionale specifico per l'insegnamento dell'italiano come lingua straniera rivolto a 30 docenti selezionati dal Ministero tunisino, tra gli insegnanti di lingua italiana nel sistema nazionale di istruzione e formazione tecnica e professionale conclusosi nell'autunno del 2025.","Ministero dell’Istruzione della Repubblica Tunisina, ITS Academy italiani e Università per Stranieri di Siena",,Altre risorse,5.1,EUR,,"5 milioni per internazionalizzione ITS (Algeria, Egitto, Tunisia, Etiopia) e 100mila per promozione della lingua italiana",2 anni,In corso,
MUR06,,Istruzione/Formazione/Cultura,Algeria,1,Bilaterale,Memorandum of understanding e bandi congiunti di ricerca Italia-Algeria,Valorizzazione di progetti di ricerca congiunti,"Il Ministro dell'Università e della Ricerca Bernini ha sottoscritto, nel maggio 2024 in occasione di una visita ad Algeri insieme al Presidente del Consiglio dei ministri, un Memorandum d'intesa su università, ricerca scientifica, sviluppo tecnologico e innovazione tra Italia e Algeria. In attuazione di tale Memorandum, nel settembre 2024, è stata pubblicata la ""Call for Joint Actions and Programmes in the framework of the MoU on cooperation in the fields of higher education and scientific research between Italy and Algeria"", che prevede un impegno economico pari a 750 mila euro per ciascuno delle due Nazioni. Nel successivo ottobre 2024 è stato pubblicato un Avviso Integrativo per la presentazione di proposte progettuali da parte di proponenti italiani con la conseguente ammissione al finanziamento (novembre 2025) dei primi 6 progetti congiunti selezionati. È stata quindi avviata la procedura per la concessione e la successiva erogazione dei finanziamenti, con avvio delle iniziative nel 2026 e chiusura definitiva dei progetti nel 2028. I 6 progetti finanziati sono: 1. CoReMed — Biocoagulanti innovativi per la rimozione dei metalli pesanti e la valorizzazione delle risorse nell'area mediterranea (€ 207 mila, di cui € 147 mila di contributo Ministero dell'Università e della Ricerca. Il progetto, che vede come capofila italiano il Politecnico di Torino insieme all'Università degli Studi di Napoli Federico II e all'Université des Sciences et de la Technologie d'Oran Mohamed Boudiaf, è volto a rafforzare il settore dei biocoagulanti innovativi per la rimozione dei metalli pesanti e la valorizzazione delle risorse naturali dell'area mediterranea. 2. EELMED — Conservazione e gestione sostenibile dell'anguilla europea nel Mar Mediterraneo (€ 150 mila, di cui € 105 mila di contributo Ministero dell'Università e della Ricerca). Il progetto, guidato dalla Fondazione IMC Centro Marino Internazionale insieme all'Università degli Studi di Cagliari e alla Chadli BenDjedid University, promuove la conservazione dell'anguilla europea (Anguilla anguilla) nel Mediterraneo attraverso un approccio ecosistemico che integra ricerca scientifica, collaborazione tra attori locali e buone pratiche di gestione, per preservare la biodiversità, promuovere la pesca sostenibile e garantire benefici socio-economici alle comunità costiere. 3. HEAT-CARE — Scambio di tecniche adattive per la gestione del bestiame e miglioramento della qualità dei prodotti lattiero-caseari (€ 205 mila, di cui € 150 mila di contributo Ministero dell'Università e della Ricerca). Il progetto, coordinato dal Consorzio per la Ricerca nel settore della Filiera Lattiero-Casearia e dell'Agroalimentare (CoRFiLaC) insieme all'Università degli Studi di Milano, all'University of Frères Mentouri e all'University of Ferhat Abbas, affronta gli impatti negativi del cambiamento climatico sulla produttività agricola e sulla sicurezza alimentare, mirando a sviluppare soluzioni innovative ed ecosostenibili nei settori della produzione di latte e formaggi in Italia e Algeria. 4. METHODE — Valorizzazione energetica della biomassa lignocellulosica per la produzione di biometano e bioidrogeno (€ 150 mila, di cui € 114 mila di contributo Ministero dell'Università e della Ricerca). Il progetto, capofila l'Università di Pisa insieme alla Scuola Superiore Sant'Anna, all'Ahmed Draia University, al Renewable Energy Development Center e a Global Agrifood, sviluppa con approccio interdisciplinare una strategia innovativa per la valorizzazione dei rifiuti organici lignocellulosici agroforestali attraverso digestione anaerobica, con l'obiettivo di potenziare la sicurezza energetica e lo sviluppo economico territoriale riducendo le emissioni di CO₂. 5. MYCOTOX-SAFE — Strategie integrate per la mitigazione delle micotossine: dal rilevamento alla detossificazione biotecnologica per la sicurezza degli alimenti e dei mangimi (€ 150 mila, di cui € 109,8 mila di contributo Ministero dell'Università e della Ricerca). Il progetto, guidato dall'IRCCS Saverio de Bellis insieme al Consiglio Nazionale delle Ricerche, all'Amar Telidji University of Laghouat, all'University of Bechar, all'University of Bejaia e a SARL SUD AVIC, sviluppa strategie innovative e integrate per ridurre la contaminazione da micotossine negli alimenti e nei mangimi, basate sull'utilizzo di batteri capaci di degradare queste tossine in modo sicuro e sostenibile. 6. SALDURAL — Miglioramento della tolleranza alla salinità e al calore del grano duro (€ 214 mila, di cui € 150 mila di contributo Ministero dell'Università e della Ricerca). Il progetto, coordinato dall'Università degli Studi della Tuscia insieme al Consiglio Nazionale delle Ricerche e al Centre de Recherche Scientifique et Technique sur les Régions Arides, è volto ad ampliare la base genetica del grano duro attraverso tecniche avanzate di ingegneria cromosomica, con l'obiettivo di sviluppare genotipi più resilienti e produttivi in condizioni di stress salino e termico.",,Ministero dell'Istruzione Superiore e della Ricerca Scientifica della Repubblica Popolare Democratica d'Algeria,Altre risorse,1.0,EUR,,€ 1 milione,3 anni,In corso,
MUR07,,Istruzione/Formazione/Cultura,Tunisia,1,Bilaterale,Memorandum of understanding e bandi congiunti di ricerca Italia-Tunisia,Valorizzazione di progetti di ricerca congiunti,"Il Memorandum, concluso dal Ministro dell'Università e della Ricerca Bernini, in occasione della visita a Tunisi del Presidente del Consiglio dell'aprile 2024, ha l'obiettivo di rafforzare la collaborazione tra Italia e Tunisia nei settori dell'università, della ricerca scientifica, dello sviluppo tecnologico e dell'innovazione. In attuazione di tale Memorandum, è stato pubblicato il bando per il co-finanziamento di progetti congiunti con la Tunisia denominato “Call for Joint Actions and programmes in the framework of the MoU on cooperation in the fields of higher education and scientific research between Italy and Tunisia”, che prevede un impegno economico, per ciascuna Nazione, pari ad 500 mila euro per il finanziamento di progetti congiunti di ricerca.",,Ministero dell'Istruzione Superiore e della Ricerca Scientifica della Repubblica Tunisina,Altre risorse,0.5,EUR,,€500 mila,4 anni,In corso,
MUR10,,Istruzione/Formazione/Cultura,"Algeria, Costa d'Avorio, Egitto, Etiopia, Kenya, Marocco, Mozambico, Repubblica del Congo, Tanzania, Senegal, Tunisia, Ghana, Mauritania, Angola",14,Transnazionale,Roadshow presso Nazioni target africane per rafforzare la cooperazione in formazione e ricerca con focus sulle opportunità di innovazione offerte dal settore privato italiano,Partenariati pubblico-privati e cooperazione bilaterale nel settore della formazione e della ricerca,"Il Ministero dell'Università e della Ricerca ha previsto l’organizzazione, in partnership con Fondazione MedOr, di un roadshow volto a rafforzare la collaborazione tra l’Italia e le Nazioni coinvolte nel Piano Mattei nel settore dell'alta formazione e ricerca. I roadshow prevedono il coinvolgimento di esponenti del mondo privato italiano, che vanno da attori di ricerca ad aziende, per favorire collaborazioni e opportunità di crescita in Africa.",,,Altre risorse,,,Da definire,Da definire,2 anni,In corso,
MUR12,,Istruzione/Formazione/Cultura,"Marocco, Algeria, Kenya, Tunisia",4,Transnazionale,"Research Capacity building with Africa initiative (RCA) for Boosting research infrastructure for development, growth, and empowerment in Africa (BRIDGE AFRICA)",Cooperazione nel settore della ricerca e della formazione,"BRIDGE Africa è un'iniziativa volta a rafforzare l'ecosistema scientifico africano attraverso l'ampliamento delle opportunità di accesso alla ricerca, il potenziamento dell'istruzione e la promozione della collaborazione internazionale. Investendo nel capitale umano e nelle infrastrutture di ricerca, BRIDGE Africa mira a catalizzare la trasformazione del continente in un leader globale nell'innovazione scientifica e nello sviluppo socio-economico. In questo contesto, l'iniziativa African Light Source (AfLS) rappresenta un'opportunità per rivoluzionare la ricerca, la formazione, le relazioni con l'industria e il mondo politico. Offrendo una piattaforma per esperimenti all'avanguardia in molteplici discipline, AfLS può contribuire ad affrontare sfide specifiche dell'Africa e sostenere la ricerca e l'innovazione a livello globale. Il programma si concentra, in particolare, sullo sviluppo di curricula accademici e programmi avanzati di formazione in quattro aree tematiche (scoperta di farmaci, uso sostenibile delle risorse, scienze dei materiali, archeologia), con l'obiettivo di creare nuove capacità didattiche e corsi accreditati presso le Università africane. Un ulteriore scopo dell'iniziativa è quello di favorire l'istituzione di poli di ricerca e istruzione che fungano da centri regionali per la formazione dei futuri utenti africani di sincrotroni. BRIDGE Africa propone una partnership composta da tre università italiane, tre di altre Nazioni del G7, sette africane e due Cattedre UNESCO—una italiana e una africana - in linea con le aree tematiche del progetto e con una vasta esperienza nello sviluppo di curricula e nel capacity building in Africa. Il sostegno di otto prestigiose associazioni e accademie ne rafforzano ulteriormente l’impatto. Allo stato attuale l'iniziativa prevede il coinvolgimento di Algeria, Camerun, Kenya, Marocco, Sud Africa - per quanto riguarda il continente africano - e di Francia, Germania e Regno Unito, quali Nazioni G7.","Università degli Studi di Bari Aldo Moro, Università degli Studi di Catania, Università degli Studi di Padova",,Altre risorse,0.25,EUR,,€250 mila,6 anni,Approvato,
MUR13,MUR41,Istruzione/Formazione/Cultura,Africa,1,Panafricano,"Research Capacity building with Africa initiative (RCA) for supporting Open, Responsible, Communicated Research: Transnational Capacity Building between Italy and Africa (SOURCE)",Cooperazione nel settore della ricerca e della formazione,"Il progetto SOURCE si pone l'obiettivo di creare e mantenere aperto un canale di trasferimento e scambio di conoscenze all’interno di una rete che coinvolge tre università italiane, cinque università africane e cinque istituzioni di ricerca in diverse Nazioni del G7. Partendo da questa premessa, l'iniziativa si articola su tre assi principali: 1. sviluppo di un programma di scambio di conoscenze per rafforzare le politiche di ricerca e sviluppo delle università partecipanti, attraverso una serie di workshop e seminari. 2. sviluppo di un programma di formazione progettato congiuntamente per essere efficace nei contesti locali dove si svolge (60 ore) e produrre “Formazione di secondo livello” (“RCA AdvancedSkills”) di qualità. 3. offrire opportunità di mobilità rafforzare il dialogo e la formazione, attraverso la mobilità di 49 docenti/ricercatori e 10 dottorandi. Tre sono i risultati attesi: (i) innovazione - aprire una linea di dialogo sui temi della ricerca aperta, responsabile e ben comunicata (Open, Responsible, Communicated Research, ORCR); (ii) potenziamento dello scambio internazionale - facendo leva sull'apprendimento reciproco, SOURCE renderà concreta e stabile la convergenza dei partner in materia di ORCR: (iii) incremento nelle attività di internazionalizzazione - attraverso un'attività di mobilità mirata di ricercatori, professionisti e dottorandi. SOURCE raccoglie l'eccellenza in tema di ORCR attraverso un partenariato diversificato: - tre università italiane che offrono competenze nell'ambito della scienza aperta (UNITO), della comunicazione della scienza e della sicurezza e integrità della ricerca (UNIMORE e UNIFE), supportate dalla Cattedra UNESCO in Educazione, Crescita e Uguaglianza e dalla Rete delle Cattedre Italiane UNESCO. - cinque università africane situate nel Nord, Est, Ovest e Sud del continente: Marocco, Etiopia, Camerun e Sudafrica. - cinque istituzioni in cinque Nazioni G7 che offrono competenze su: modelli di business per l’accademica (UL, Francia); integrità ed etica della ricerca (TUM, Germania); collaborazioni, metodi di valutazione e partecipazione pubblica (UOE, Regno Unito); riviste ad accesso aperto (SFU, Canada); comunicazione accademica aperta, equa e sostenibile e diritti umani (Stanford University, USA).","Università degli Studi di Ferrara, Università degli Studi di Modena e Reggio Emilia, Università degli Studi di Torino",,Altre risorse,0.25,EUR,,€250 mila,6 anni,In corso,
MUR14,MUR41,Istruzione/Formazione/Cultura,Africa,1,Panafricano,"Research capacity building with Africa initiative (RCA) for Advancing Learning and Academic Networks for Transformation, Innovation & Sustainability (ATLANTIS)",Cooperazione nel settore della ricerca e della formazione,"Il progetto ATLANTIS affronta le grandi sfide sociali e ambientali (povertà, disuguaglianza di genere, degrado ambientale, gap tecnologico e fragilità e vulnerabilità istituzionali) avanzando la conoscenza scientifica e rafforzando le capacità delle università africane, delle imprese sostenibili e delle agenzie pubbliche e private in settori chiave quali: nuove tecnologie emergenti; Blue & Green Economy; imprenditorialità sostenibile. In particolare l'iniziativa promuove l'istruzione innovativa, le collaborazioni di ricerca e la mobilità accademica per creare ecosistemi sostenibili tra Africa e Italia, anche attraverso: - lo scambio di conoscenze e la co-progettazione di percorsi di insegnamento e ricerca al fine di migliorare i curricula accademici. - l'attuazione di programmi avanzati di formazione in Italia e in Africa per imprenditori sostenibili e sviluppatori di ecosistemi. - la diffusione della conoscenza tra gli attori dell’ecosistema in altre Nazioni africane tramite una piattaforma digitale e una conferenza per accademici e professionisti. Il progetto prevede il coinvolgimento di Egitto, Etiopia, Marocco, Kenya, Sud Africa, Tunisia e Uganda - per il continente africano - e della Francia, quale Nazione G7.","Università Cattolica del Sacro Cuore, Università Politecnica delle Marche, Università degli Studi di Torino, Università degli Studi di Urbino Carlo Bo",,Altre risorse,0.25,EUR,,€250 mila,6 anni,In corso,
MUR15,MUR41,Istruzione/Formazione/Cultura,Africa,1,Panafricano,Research Capacity building with Africa initiative (RCA) for bridging Digital Transformation and Research Excellence in Ethiopia (BRIDGE),Cooperazione nel settore della ricerca e della formazione,"Il progetto mira a istituire una rete di collaborazione tra le università partner, includendo sia lo scambio di buone pratiche nell'adozione di metodi e strumenti per la transizione digitale delle università, sia lo sviluppo di progetti di ricerca sui temi evidenziati come prioritari nel bando. Il programma esecutivo, co-progettato con gli attori africani coinvolti, nello specifico, l'Università di Addis Abeba e l'Università di Jimma, si concentra su tre degli schemi: (i) mobilità individuale nell'istruzione superiore e nella ricerca; (ii) mobilità individuale nella formazione/istruzione superiore per studenti; (iii) rafforzamento delle politiche di Ricerca e Sviluppo. Con riferimento ai due assi rigurdanti la mobilità, le attività previste coinvolgeranno docenti universitari, ricercatori e studenti laureati in un'azione multilaterale di capacity building su materiali e tecnologie avanzate con l'obiettivo di rafforzare la consapevolezza del ruolo chiave dei materiali e delle tecnologie avanzate nella promozione dello sviluppo sostenibile. In particolare, l'ecosistema della ricerca etiope è chiamato a guidare la gestione sostenibile delle risorse energetiche e minerarie nella regione. In merito al rafforzamento della Ricerca e Sviluppo, le attività saranno dedicate ai dirigenti universitari, ai funzionari e ai responsabili dei gruppi di ricerca, con un focus sulla digitalizzazione e sull'adozione di strumenti di intelligenza artificiale per migliorare i processi gestionali e la governance della qualità della ricerca. L'obiettivo principale è rafforzare l'approccio alla governance della qualità, digitalizzare le attività amministrative e accrescere l'uso di strumenti di intelligenza artificiale in questo ambito. Il programma di formazione permetterà ai partecipanti di sviluppare una visione politica e strategica dello sviluppo, con obiettivi chiaramente definiti e la capacità di individuare le risorse necessarie per la loro realizzazione.","Politecnico di Torino, Università Ca' Foscari Venezia, Università degli Studi di Udine",,Altre risorse,0.25,EUR,,€250 mila,6 anni,In corso,
MUR16,MUR41,Istruzione/Formazione/Cultura,Africa,1,Panafricano,"Research Capacity building with Africa initiative (RCA) for Innovative Research Capacity Building to Strengthen Food Security, Climate Change, and Global Health Nexus in Africa (TRANSFORMERS)",Cooperazione nel settore della ricerca e della formazione,"Il progetto TRANSFORMERS mira ad affrontare le sfide legate al cambiamento climatico, alla sicurezza alimentare e alla salute globale attraverso una rete di ricerca dinamica con l'obiettivo di: 1. Sostenere la mobilità di ricercatori e docenti e collaborazioni interdisciplinari, creando un modello di ricerca localizzato e basato su evidenze. 2. Potenziare la mobilità internazionale dei dottorandi attraverso accordi di supervisione congiunta e modelli di formazione basati sulle competenze. 3. Promuovere il trasferimento tecnologico e lo scambio di buone pratiche attraverso un forum con gli attori interessati, partenariati pubblico-privati (PPP), report scientifici. Il partenariato include 4 università italiane: UNIPV (coordinatore del progetto, salute pubblica, epidemiologia ed economia), UNIBS (gestione ambientale, sicurezza delle acque), UNIMI (salute globale) e UNIMIB (sostenibilità, sociologia e biodiversità). Le istituzioni associate africane, tra cui quelle di Etiopia, Kenya, Marocco e Tanzania, contribuiscono con capacità di ricerca in agricoltura, salute pubblica, scienze climatiche e politiche sociali. I partner del G7 come, tra gli altri, la Harvard Medical School (USA) completano il quadro. Il partenariato intende coinvolgere 27 ricercatori che contribuiscono alla costruzione di capacità di ricerca e politiche di sviluppo; 19 studenti di dottorato che partecipano a programmi di mobilità internazionale; 2 università G7 che convalidano il modello di ricerca; 2 progetti pilota (PPP); pubblicazioni scientifiche e ""policy briefs"" che si allineano con le agende globali.","Università degli Studi di Brescia, Università degli Studi di Milano, Università degli Studi di Milano-Bicocca, Università degli Studi di Pavia",,Altre risorse,0.25,EUR,,€250 mila,6 anni,In corso,
MUR17,MUR41,Istruzione/Formazione/Cultura,Africa,1,Panafricano,Research Capacity building with Africa initiative (RCA) for capacity Building for Pediatric Infection Control and Antimicrobial Stewardship in Africa (PEARL),Cooperazione nel settore della ricerca e della formazione,"Il progetto PEARL mira a promuovere l'innovazione e la collaborazione internazionale formando dodici giovani ricercatori (sei dalla Repubblica Democratica del Congo e sei dal Sud Africa) nelle competenze metodologiche e statistiche essenziali per progettare e condurre studi di attuazione. L'attenzione sarà focalizzata su programmi di Prevenzione e Controllo delle Infezioni (IPC) e di Stewardship Antimicrobica (AMS) in contesti pediatrici nelle Nazioni a basso e medio reddito. L'iniziativa, di durata triennale, si svolgerà in più fasi: - il primo anno si concentrerà sulla parte teorica attraverso dieci workshop interattivi online che copriranno vari aspetti della ricerca, tra cui l’ideazione dello studio, la progettazione dello studio, la definizione dei risultati, l'analisi statistica e l'uso dell'intelligenza artificiale nella ricerca scientifica, con particolare attenzione alla resistenza antimicrobica e alla IPC nei contesti pediatrici. - il secondo e il terzo anno si concentreranno sull'applicazione pratica. I partecipanti progetteranno e attueranno interventi di AMS o IPC per migliorare i servizi sanitari sia negli ospedali sia nel setting territoriale, utilizzando le conoscenze acquisite nei workshop. Gli interventi proposti saranno rivisti e discussi con le università italiane e francesi e con i responsabili delle strutture sanitarie coinvolte, per valutarne l'importanza, la fattibilità e la sostenibilità, garantendo al contempo l'allineamento con le priorità istituzionali e facilitando l'implementazione. La fase di attuazione sarà condotta in inglese in Sud Africa e in francese nella Repubblica Democratica del Congo. Ogni due mesi, i ricercatori organizzeranno incontri con il personale sanitario locale coinvolto nel progetto, per discutere l'accettabilità, le sfide e i risultati positivi degli interventi. Per misurare l'impatto degli interventi, i partecipanti dovranno sviluppare parallelamente all'intervento uno studio di attuazione, redigendo il protocollo dello studio e il piano di analisi statistica, che saranno discussi con le università italiane e francesi. I dati raccolti saranno poi analizzati applicando le competenze statistiche acquisite durante il primo anno e i risultati saranno interpretati congiuntamente dalle università africane, italiane e francesi e presentati alle Autorità sanitarie locali e agli operatori sanitari nelle unità coinvolte.","Università degli Studi di Milano-Bicocca, Università degli Studi di Padova, Università degli Studi di Verona",,Altre risorse,0.25,EUR,,€250 mila,6 anni,In corso,
MUR18,MUR41,Istruzione/Formazione/Cultura,Africa,1,Panafricano,"Research Capacity building with Africa initiative (RCA) for Strengthening Research, innovation and technology transfer policies in Africa through best practices, Education Networking, knowledge sharinG, Technology and Human Capital Development (STRENGTH)",Cooperazione nel settore della ricerca e della formazione,"STRENGTH è un progetto mirato a rafforzare le politiche nel campo della ricerca e del trasferimento tecnologico tra Italia, Africa e Nazioni del G7, attraverso la condivisione di buone pratiche e formazione. Ciò sarà ottenuto creando un quadro per la condivisione delle conoscenze e la fornitura di programmi di formazione congiunti nei seguenti settori: spazio, con particolare attenzione all'ingegneria di sistema e all'analisi dei dati satellitari di osservazione della Terra; tecnologie innovative per la medicina digitale; l'energia verde. Il progetto ha come obiettivi lo sviluppo di programmi di formazione, iniziative di mobilità per docenti, dottorandi e studenti, per supportare un networking educativo, la condivisione di infrastrutture di ricerca, conoscenze scientifiche e tecnologiche, la formazione linguistica tecnica e settoriale per insegnanti e studenti, lo sviluppo del capitale umano per rafforzare la capacità di definire e implementare processi di pianificazione riguardanti la ricerca, l'innovazione e il trasferimento tecnologico. L'iniziativa è guidata da Sapienza Università di Roma (UniSapienza), con l'Università Unitelma Sapienza (UNITELMA) e l'Università per Stranieri di Perugia (UniFP) come partner; Università di Nairobi (UoN), Università Internazionale di Rabat (IUR), Ethiopian Civil Service University (ECSU) dall'Africa, Università di Aix-Marseille (AMU) e Università di Tubinga (TU) come partner associati del G7.","Università degli Studi di Roma La Sapienza, Università degli Studi di Roma Unitelma Sapienza, Università per Stranieri di Perugia",,Altre risorse,0.249,EUR,,€249 mila,6 anni,In corso,
MUR20,MUR42,Istruzione/Formazione/Cultura,"Egitto, Tunisia, Marocco, Algeria, Kenya, Etiopia, Mozambico, Costa d'Avorio, Ghana, Senegal, Tanzania, Ruanda, Repubblica Democratica del Congo",13,Transnazionale,Iniziative educative transnazionali DD. 167/2023 (ENGINES),Cooperazione nel settore della ricerca e della formazione,"Il progetto ENGINES si rivolge al continente africano, con particolare attenzione alle Nazioni della regione sub-sahariana, del Mediterraneo e Medio Oriente per promuovere il modello di istruzione superiore italiano, mediante una maggiore e mirata mobilità di studenti, docenti e staff degli Istituti universitari di, Algeria, Burundi, Camerun, Congo, Costa D'avorio, Egitto, Etiopia, Gambia, Ghana, Kenya, Libia, Mali, Marocco, Mozambico, Niger, Nigeria, Ruanda, Senegal, Sud Africa, Tanzania, Tunisia e Uganda. Con tale obiettivo l'iniziativa mira a: - aumentare la quantità e la qualità dei programmi di scambio degli studenti; - aumentare l'attrattività del sistema universitario italiano, come fornitore di un'istruzione inclusiva e di qualità; - migliorare la natura delle istituzioni in termini di servizi e bene pubblico e la loro capacità di bilanciare le richieste locali e globali. In particolare, le attività previste dal progetto includono: - mobilità di 600 studenti verso le università italiane con un piano di studio personalizzato, e 100 dalle istituzioni italiane. - mobilità di 300 docenti per lo scambio di competenze su metodi e contenuti didattici innovativi. - mobilità di 100 staff amministrativo e tecnico per acquisire competenze avanzate e attuare il nuovo approccio alle missioni delle università e un impatto reale verso una solida resilienza. - creazione di schemi di laurea doppia/multipla. - progettazione di diplomi congiunti multi-, trans- e inter-disciplinari. - perfezionare le strategie per l’utilizzo di mobilità brevi finalizzato al reclutamento di talenti.","Università degli Studi dell'Aquila, Università degli Studi del Molise, Università degli Studi di Perugia, Università degli Studi di Teramo, Università degli Studi di Urbino Carlo Bo, Università degli Studi G. d'Annunzio Chieti-Pescara, Università degli Studi di Camerino, Università Politecnica delle Marche, Gran Sasso Science Institute – Scuola di dottorato internazionale, Università degli Studi di Macerata",,Piano Nazionale di Ripresa e Resilienza (PNRR),1.9,EUR,,"€1,9 milioni",22 mesi,In corso,
MUR21,MUR42,Istruzione/Formazione/Cultura,"Kenya, Etiopia, Mozambico, Ghana, Senegal, Tanzania, Ruanda, Zambia",8,Transnazionale,Iniziative educative transnazionali DD. 167/2023 (UNITAFRICA),Cooperazione nel settore della ricerca e della formazione,"Il progetto UNITAFRICA, promosso dalle Università Italiane all'interno della Rete Universitaria per la Cooperazione allo Sviluppo (CUCS), è un'iniziativa strategica volta a favorire la formazione congiunta, la ricerca e la cooperazione accademica internazionale con istituzioni universitarie nel continente africano. L'Alleanza UNITAFRICA, composta da 21 Università italiane e 93 Università Africane situate in 18 differenti Nazioni del continente (Benin, Burkina Faso, Camerun, Capo Verde, Etiopia, Ghana, Kenya, Madagascar, Mozambico, Namibia, Nigeria, Ruanda, Senegal, Somalia, Sud Africa, Sudan, Tanzania e Zambia), mira a rafforzare la collaborazione per migliorare la qualità e l'efficacia dell’istruzione superiore, promuovendo al contempo il sistema accademico italiano. Gli obiettivi principali includono la creazione di un ambiente fisico e virtuale favorevole al mutuo apprendimento, il potenziamento della mobilità, la promozione di una formazione di qualità tra gli studenti per affrontare le esigenze di sviluppo locale, il potenziamento delle competenze avanzate tra il personale accademico, la valutazione dell'efficacia delle attività educative. Il progetto si articola in sei fasi: - gestione del progetto. - costituzione della rete UNITAFRICA e della piattaforma digitale. - istruzione innovativa per studenti. - sviluppo delle competenze avanzate. - analisi retrospettiva. - comunicazione e divulgazione dei risultati. La fase iniziale prevede la creazione dell'Alleanza UNITAFRICA e di una Piattaforma virtuale per l'Insegnamento Innovativo e la mobilità (PIT). Le mobilità bidirezionali sono centrali per il progetto, con circa 590 mobilità pianificate per studenti, docenti e personale non docente. Gli studenti di laurea magistrale e dottorato parteciperanno a mobilità per tesi di laurea, ricerca e corsi di formazione, per un totale di 830 mesi in Italia e in Africa. Il progetto mira anche all'innovazione sistemica attraverso la formazione, proponendo 15 corsi per studenti di laurea magistrale e dottorato e 13 corsi di formazione avanzata per il personale docente e non. I corsi di formazione coprono tutte le aree tematiche del progetto, tra cui lo sviluppo rurale, la salute, l'energia sostenibile, la transizione ecologica e digitale, lo sviluppo imprenditoriale e industriale, il patrimonio culturale e le scienze sociali e umanistiche. Sul piano generale, il progetto si prefigge di identificare linee guida e migliori pratiche per le metodologie didattiche, favorire sinergie nei programmi di formazione congiunta, incoraggiare l’innovazione dei programmi educativi e delle metodologie didattiche, aumentare l'internazionalizzazione e promuovere una cooperazione efficace nella didattica e nella ricerca.","Università degli Studi di Brescia, Università degli Studi di Bergamo, Università Alma Mater Studiorum Bologna, Università degli Studi di Firenze, Università degli Studi di Genova, Università degli Studi di Milano, Università degli Studi di Padova, Università degli Studi di Parma, Università di Pavia, Università degli Studi di Pisa, Università degli Studi di Torino, Università degli Studi di Trento, Università degli Studi di Udine, Università Ca’ Foscari Venezia, Università degli Studi di Verona, Sapienza Università di Roma, Università degli Studi di Bari Aldo Moro, Università degli Studi della Basilicata, Università degli Studi di Messina, Università degli Studi di Napoli Federico II, Politecnico di Milano",,Piano Nazionale di Ripresa e Resilienza (PNRR),2.4,EUR,,"€2,4 milioni",21 mesi,In corso,
MUR22,MUR42,Istruzione/Formazione/Cultura,"Algeria, Egitto, Etiopia, Ghana, Kenya, Mozambico, Repubblica Democratica del Congo, Ruanda, Senegal, Tanzania, Tunisia",11,Transnazionale,Iniziative educative transnazionali DD. 167/2023 (ACHIEVE-IT),Cooperazione nel settore della ricerca e della formazione,"Il progetto ACHIEVE-IT mira alla promozione degli istituti di istruzione superiore italiani in Africa attraverso un approccio innovativo, fondato sulla sostenibilità, l'eccellenza, lo sviluppo delle capacità e la scalabilità. L'iniziativa coinvolge 7 università italiane e 37 istituzioni africane appartenenti alle seguenti 16 Nazioni: Algeria, Burundi, Camerun, Capo Verde, Egitto, Etiopia, Ghana, Kenya, Mozambico, Niger, Repubblica Democratica del Congo, Ruanda, Senegal, Sudafrica, Tanzania, Tunisia. La collaborazione si articola lungo tre assi principali: - promozione dell'offerta formativa già attivata nelle università italiane, con un totale di 33 programmi di master tenuti in inglese e 15 programmi di dottorato. Queste attività saranno svolte sia in Italia che in Africa e coinvolgeranno 149 studenti in entrata e 89 in uscita. - creazione di 23 programmi di competenze avanzate (ASP), rivolti agli studenti e al personale docente, destinati a rimanere permanenti dopo la conclusione del progetto. Gli ASP riguardano 9 diversi ambiti generali e coinvolgeranno 221 studenti in entrata e 100 insegnanti in uscita; 14 ASP si svolgeranno in Italia e 9 in Africa. - formalizzazione di attività di ricerca congiunte, attraverso dottorati congiunti Italia-Africa, destinati a rimanere permanenti dopo la conclusione del progetto. I flussi di mobilità legati alle attività di ricerca, svolte sia in Italia che in Africa, coinvolgeranno 80 ricercatori e 93 dottorandi. L'insieme della attività consentirà di aprire la strada alla strutturazione di scambi di studenti e docenti tra l'Italia e l'Africa sulla base di una forte rete italiana, sostenuta dalle istituzioni governative, consolidando anche la collaborazione a lungo termine attraverso la firma di almeno sette protocolli d'intesa al termine del progetto per la supervisione congiunta di dottorati (uno per ogni istituzione italiana partner).","Università degli Studi di Parma, Università di Ferrara, Università di Bologna, Università del Salento, Università di Modena e Reggio Emilia, Università Cattolica del Sacro Cuore Piacenza, Università Mediterranea di Reggio Calabria",,Piano Nazionale di Ripresa e Resilienza (PNRR),1.7,EUR,,"€1,7 milioni",21 mesi,In corso,
MUR23,MUR42,Istruzione/Formazione/Cultura,"Etiopia, Ghana, Kenya, Marocco, Mozambico, Ruanda, Tunisia",7,Transnazionale,Iniziative educative transnazionali DD. 167/2023 (ITACA),Cooperazione nel settore della ricerca e della formazione,"Il progetto ITACA intende creare una piattaforma permanente tra le università italiane e africane al fine di stabilire un'efficace cooperazione accademica per studenti, docenti e membri del personale in materia di green economy, orange economy, agroalimentare, energia e acqua. A queste tematiche settoriali si aggiungono anche alcuni temi trasversali quali la digitalizzazione, la gestione sostenibile e l'imprenditorialità. Con questo obiettivo verranno avviati quattro gruppi di attività: 1. Mobilità di docenti per rafforzare lo scambio di conoscenze sia nei metodi di insegnamento sia nella creazione di nuovi contenuti che ampliano l'offerta accademica italiana. 2. Mobilità di studenti africani in programmi di laurea, laurea magistrale e dottorato in Italia per promuovere un modello inclusivo di università e favorire la mobilitazione di studenti italiani in Africa per sviluppare le loro tesi di laurea e dottorato. 3. Creazione di corsi di laurea, master e MBA a doppio titolo per favorire la comprensione interculturale collegando e integrando i contesti occidentali e africani- 4. Promozione di programmi di formazione avanzata per aumentare le capacità di progetti internazionali e di cooperazione con le università italiane e africane, nonché per rafforzare le competenze didattiche e di ricerca attraverso corsi di metodologia per docenti africani tenuti da professori italiani. Il progetto prevede il coinvolgimento di Istituti universitari delle seguenti Nazioni: Etiopia, Ghana, Kenya, Madagascar, Marocco, Mozambico, Ruanda, Tunisia, Uganda e Zimbabwe.","Università Cattolica del Sacro Cuore, Università degli Studi di Urbino, Università Politecnica delle Marche, Università degli Studi di Torino",,Piano Nazionale di Ripresa e Resilienza (PNRR),1.9,EUR,,"€1,9 milioni",22 mesi,In corso,
MUR24,MUR42,Istruzione/Formazione/Cultura,"Etiopia, Kenya, Mozambico, Tanzania, Zambia",5,Transnazionale,Iniziative educative transnazionali DD. 167/2023 (WAGON2Africa),Cooperazione nel settore della ricerca e della formazione,"Il progetto Wagon2Africa prevede la creazione di una rete di università italiane e africane per stimolare la cooperazione e condividere buone pratiche, con un focus sul nesso Acqua-Energia-Cibo (WEFN: Water-Energy-Food Nexus). Tale obiettivo sarà perseguito sostenendo la mobilità internazionale degli studenti, la mobilità del personale docente e l'organizzazione di corsi di competenze avanzate per personale laureato. Secondo un approccio globale e trasversale, l'iniziativa riguarderà quattro aree di interesse: 1. Scienza, tecnologia e digitalizzazione. 2. Economia, impresa e management. 3. Scienze umane, sociali e giuridiche. 4. Sistemi agroalimentari sostenibili, risorse naturali e bioeconomia. L’area geografica strategica interessata dal progetto è l’Africa Orientale, dove sarà istituito un Hub Africano a Nairobi, in Kenya, per coordinare le attività nelle altre Nazioni aderenti al progetto. Il rafforzamento di una rete internazionale focalizzata sul tema WEFN getterà le basi per la futura attuazione di titoli congiunti tra le università italiane del partenariato e le università africane associate e, nel medio/lungo termine, per ulteriori collaborazioni più ampie. L'iniziativa è affidata a un consorzio composto da 10 università italiane (di cui 5 situate nelle regioni del Mezzogiorno), coordinate dal Politecnico di Torino. Le università straniere che potrebbero beneficiare delle attività del progetto comprendono, in questa fase, almeno 61 istituzioni in 13 Nazioni dell'Africa Orientale (Burundi, Etiopia, Kenya, Madagascar, Malawi, Mauritius, Mozambico, Somalia, Sudan, Tanzania, Uganda, Zambia e Zimbabwe), una parte significativa delle quali ha già accordi di scambio in corso con le università italiane del consorzio.","Politecnico di Torino, Alma Mater Studiorum - Università di Bologna, Università degli Studi di Bari Aldo Moro, Luiss Libera Università Internazionale degli Studi Sociali Guido Carli, Università di Foggia, Università degli Studi di Palermo, Università degli Studi di Firenze, Università degli Studi di Napoli Federico II, Università degli Studi di Sassari, Università degli Studi di Torino",,Piano Nazionale di Ripresa e Resilienza (PNRR),2.6,EUR,,"€2,6 milioni",21 mesi,In corso,
MUR25,MUR42,Istruzione/Formazione/Cultura,"Algeria, Egitto, Etiopia, Kenya, Marocco, Ruanda, Tanzania, Tunisia",8,Transnazionale,Iniziative educative transnazionali DD. 167/2023 (SHARE_Africa),Cooperazione nel settore della ricerca e della formazione,"Il progetto Science Hubs for Advanced Research & Education with Africa (SHARE_Africa) è concepito sulla base dell'esperienza raccolta all'interno della Fondazione Italiana per l'Istruzione Superiore con l'Africa (Fondazione IHEA) fin dal suo avvio nell'ottobre 2020, anche attraverso la creazione di due Science Hub in Tunisia ed Etiopia e il coinvolgimento di Istituzioni universitarie di Algeria, Egitto, Kenya, Libia, Marocco, Ruanda, Sudan, Tanzania e Uganda. L'obiettivo è quello di potenziare la cooperazione scientifica con il continente africano nel campo dell'istruzione e della ricerca attraverso: 1. il rafforzamento del potenziale educativo innovativo tramite un Portfolio educativo SHARE_Africa di alta qualità, co-progettato con i partner africani e basato su 6 Master interuniversitari di specializzazione (60 ECTS ognuno). Il programma tratterà temi cruciali per l'Africa e l'Italia, le sei missioni strutturali dell'UE per il PNRR e la resilienza e la transizione ecologica e digitale. 2. la promozione di una capacità di ricerca efficace e internazionale per i dottorandi, al fine di promuovere ulteriori iniziative di ricerca congiunte. La mobilità della capacità di ricerca di SHARE_Africa si baserà sull'identificazione congiunta di argomenti di ricerca (allineati con il Portfolio formativo).","Fondazione Italian Higher Education with Africa (IHEA), Università La Sapienza di Roma, Alma Mater Studiorum-Università di Bologna, Università degli Studi di Firenze, Università degli Studi di Napoli Federico II, Politecnico di Milano, Università degli Studi di Padova",,Piano Nazionale di Ripresa e Resilienza (PNRR),1.8,EUR,,"€1,8 milioni",21 mesi,In corso,
MUR26,MUR42,Istruzione/Formazione/Cultura,"Etiopia, Ghana, Kenya, Marocco",4,Transnazionale,Iniziative educative transnazionali DD. 167/2023 (Afya Moja),Cooperazione nel settore della ricerca e della formazione,"Il progetto Afya Moja (in swahili “One Health”) mira ad accrescere la partecipazione del continente africano alla ricera e innovazione globale e alla redazione di norme internazionali con particolare riguardo alle scienze e tecnologie applicate alla salute e all'approccio One Health. L'iniziativa perseguirà tali obiettivi attraverso quattro linee di intervento: - sostegno alla creazione di nuovi programmi didattici ad alta intensità di ricerca nelle istituzioni africane, con programmi strutturati di mentoring e scambio per studenti, docenti e personale. - rafforzamento della capacità delle università africane di partecipare a progetti europei, progettando e realizzando tre programmi di formazione executive su come scrivere e valutare proposte di finanziamento (grant), aperti a dottorandi, docenti e personale amministrativo. - organizzazione di corsi di formazione di breve durata in Italia e in Africa. - sostegno all'inclusione di studiosi africani nella redazione di norme internazionali, a partire da iniziative attualmente coordinate dai partner italiani nei settori delle tecnologie sanitarie e dell’approccio One Health, con ONG, OMS, Parlamento europeo e Commissione europea. Il progetto si articolerà in quattro aree collegate tra loro: 1. Medicina e chirurgia. 2. Medicina veterinaria e produzione animale. 3. Nutrizione e agricoltura. 4. Ingegneria biomedica. Sul piano generale, l'iniziativa promuove il passaggio dal ""capacity building al capacity strengthening"": gli studiosi africani possiedono già competenze che non devono essere ignorate, ma rafforzate e allineate con quelle internazionali. I partner italiani parteciperanno con un numero iniziale di 12 Dipartimenti (5 di ingegneria, 2 di medicina, 1 di One Health, 1 di scienze biomediche, 1 di medicina veterinaria, 1 di scienze sociali e 1 di agricoltura), appartenenti a 10 diverse Scuole/Facoltà, che offrono 41 corsi di laurea, 56 corsi di laurea magistrale, oltre 30 scuole di specializzazione medica, 24 programmi di dottorato locali e contribuiscono a più di 7 programmi nazionali di dottorato. Complessivamente, gli 11 Dipartimenti contano circa 1000 membri di faculty, con una significativa capacità di sostenere scambi bilaterali. I partner affiliati africani, provenienti da Benin, Botswana, Zimbabwe, Libia, Marocco, Etiopia, Ghana, Kenya, Malawi, Nigeria, Sud Africa e Uganda, parteciperanno al progetto con 32 dipartimenti rilevanti per l’approccio One Health (0 di ingegneria e tecnologia, 3 di ingegneria biomedica, 6 di medicina e chirurgia, 3 di scienze biomediche, 3 di agricoltura, 2 di medicina veterinaria, 2 di scienze, 2 di scienze ambientali, 1 di antropologia e sociologia).","Università Campus Bio-Medico di Roma, Università di Pisa, Università degli Studi di Napoli Federico II, Politecnico di Bari, Alma Mater Studiorum-Università di Bologna",,Piano Nazionale di Ripresa e Resilienza (PNRR),2.7,EUR,,"€2,7 milioni",22 mesi,In corso,
MUR27,MUR42,Istruzione/Formazione/Cultura,"Kenya, Marocco, Tunisia",3,Transnazionale,Iniziative educative transnazionali DD. 167/2023 (NEUROBRIDGE),Cooperazione nel settore della ricerca e della formazione,"NEUROBRIDGE è un progetto collaborativo guidato da cinque università italiane, dedicato a promuovere l'istruzione in neuroscienze e neurotecnologie per studenti internazionali che perseguono studi universitari e dottorali, fornendo anche una formazione specializzata per i ricercatori post-dottorato che vogliono di perfezionare le proprie competenze. Il progetto si impegna a promuovere l'internazionalizzazione attraverso la creazione di relazioni durature con istituzioni straniere - in particolare di Camerun, Kenya, Marocco, Sud Africa, Tunisia, Zimbabwe, Argentina, Australia, Brasile, Cile, Colombia e Uruguay - con l'obiettivo di attirare studenti internazionali di talento ai programmi di dottorato italiani in neuroscienze e neurotecnologie. Questo sforzo mira a rafforzare le partnership internazionali nella ricerca e a mostrare l'eccellenza accademica italiana nelle regioni con una presenza italiana significativa. NEUROBRIDGE adotta un approccio interdisciplinare, comprendente neuroscienze molecolari e cellulari, neuroingegneria e intelligenza artificiale, contribuendo alla crescita e all'innovazione nei settori della bioingegneria e biotecnologia . Un approccio considerato essenziale anche per l'industria farmaceutica e biotecnologica.","Scuola Normale Superiore di Pisa, Università di Pisa, Politecnico di Bari, Università degli Studi di Cagliari, Scuola Superiore Sant’Anna",,Piano Nazionale di Ripresa e Resilienza (PNRR),2.8,EUR,,"€2,8 milioni",21 mesi,In corso,
MUR28,MUR42,Istruzione/Formazione/Cultura,"Algeria, Egitto, Tunisia, Marocco, Mauritania",5,Transnazionale,Iniziative educative transnazionali DD. 167/2023 (MARE),Cooperazione nel settore della ricerca e della formazione,"La Mediterranean Alliance for Research and Education (MARE) è un progetto che mira a promuovere la collaborazione internazionale e lo scambio di conoscenze tra università e centri di ricerca nella regione del Mediterraneo. Nello specifico l'iniziativa coinvolge le Istituzioni universitarie di Algeria, Egitto, Tunisia, Libia, Marocco, Mauritania, nonché di alcune Nazioni del Vicino e Medio Oriente. Il progetto si concentra sull'impegno interdisciplinare e interculturale, con l'obiettivo di favorire lo sviluppo accademico, economico e culturale nelle Nazioni coinvolte. Per raggiungere tale obiettivo MARE ha sviluppato un piano di lavoro che include diverse attività coordinate, con un'enfasi sui programmi di mobilità e sui pacchetti tematici di lavoro suddivisi in due categorie principali: programmi congiunti di formazione e programmi di mobilità per lo scambio di studenti e personale docente e amministrativo. L'iniziativa utilizza un modello misto composto da pacchetti di lavoro (Work Packages, WP) funzionali e tematici. I WP funzionali, tra cui la gestione del progetto e la comunicazione, assicurano una coordinazione efficiente e una comunicazione tra le università partecipanti. Da un lato, l'inclusione di un WP specifico per la gestione coordinata della mobilità individuale sottolinea l'importanza degli scambi ben organizzati tra le università italiane e mediterranee, con un'enfasi significativa sulle attività di supporto, in particolare per quanto riguarda i programmi di mobilità. Dall'altro i WP tematici si concentrano anche su specifiche aree di studio, allineandosi alle competenze ed esperienze delle università italiane. In particolare, le attività sono finalizzate a consolidare i programmi accademici esistenti, sostenere la formazione avanzata e affrontare aree tematiche chiave rilevanti per la regione del Mediterraneo. Lungo tali linee, le iniziative coprono un'ampia e multidisciplinare gamma di settori scientifici: storia, società e circolazione culturale nel Mediterraneo, migrazione, cambiamenti sociali e politici, One Health, sviluppo sostenibile e cambiamenti climatici, energia rinnovabile e mobilità sostenibile, turismo sostenibile, occupabilità, imprenditorialità, inclusione nell'era digitale.","Università degli Studi di Palermo, Università degli Studi di Bologna, Università degli Studi di Cagliari, Università degli Studi di Macerata, Università degli Studi di Bari Aldo Moro, Università degli Studi di Pavia, Università di Pisa, Università di Torino, Politecnico di Torino, Università degli Studi di Messina, Università degli Studi di Siena",,Piano Nazionale di Ripresa e Resilienza (PNRR),2.6,EUR,,"€2,6 milioni",22 mesi,In corso,
MUR29,MUR42,Istruzione/Formazione/Cultura,"Algeria, Egitto, Marocco, Tunisia",4,Transnazionale,Iniziative educative transnazionali DD. 167/2023 (SULIEIA),Cooperazione nel settore della ricerca e della formazione,"Il programma SULIIEIA ha l'obiettivo generale di migliorare l’internazionalizzazione, l’inclusione, l’uguaglianza di genere e la tolleranza culturale nella comunità, sostenendo al contempo ricerca e networking nel Mediterraneo e nei Balcani, sostenendo la transizione digitale ed ecologica e introducendo strumenti digitali, innovazione tecnologica e green management. Il progetto coinvolge complessivamente 33 Istituzioni universitarie, tra le altre, di Algeria, Egitto, Marocco e Tunisia. L'iniziativa stabilisce un modello per creare un quadro duraturo in cui le università cooperino utilizzando programmi educativi e progetti di ricerca come strumenti per veicolare la cultura, la lingua, la cultura italiana ed il modello dell’istruzione superiore in un contesto interdisciplinare. Il programma raggiungerà i suoi obiettivi in due modi diversi: - borse di studio per massimizzare l'impatto del programma attraverso programmi educativi (tutti i livelli) già esistenti e facilitando l'accesso agli studenti dei Nazioni partner sostenendoli con borse di studio. - programmi educativi in collaborazione con partner associati. Sono stati progettati Master, Blende Intensive Short Course (BISC) e Summer School a disposizione di tutti gli studenti iscritti alle Istituzioni Partner e associate. Grande enfasi sarà anche posta anche sulle competenze avanzate, come le competenze interculturali, le competenze digitali ed ecologiche, che costituiranno la cornice in cui verranno condotte tutte le attività. Obiettivo generale del programma è di costruire una comunità internazionale interculturale che avrà scambi continui attraverso eventi interculturali, come le “Giornate interculturali”, in cui gruppi formati da studenti e docenti lavoreranno insieme su grandi tematiche, come la pace, la libertà, l'uguaglianza di genere. Ciò consentirà di accrescere la qualità e la quantità della mobilità di tutte le componenti della comunità universitaria.","Università degli Studi di Napoli Federico II, Università degli Studi della Basilicata, Università degli Studi della Campania L. Vanvitelli, Università del Sannio, Università degli Studi Mediterranea di Reggio Calabria",,Piano Nazionale di Ripresa e Resilienza (PNRR),1.8,EUR,,"€1,8 milioni",21 mesi,In corso,
MUR30,MUR42,Istruzione/Formazione/Cultura,"Egitto, Tunisia, Marocco",3,Transnazionale,Iniziative educative transnazionali DD. 167/2023 (IMPACT),Cooperazione nel settore della ricerca e della formazione,"Il progetto IMPACT (Innovative Mediterranean Partnership for Advancing Collaborative Teaching) è un'iniziativa progettata per far progredire l'istruzione superiore nella regione del Mediterraneo, affrontando sfide contemporanee come le transizioni ambientali e digitali, lo sviluppo sostenibile e il contrasto delle disuguaglianze. Il progetto promuove l'integrazione e il dialogo creando una rete universitaria euro-africana per lo sviluppo di curricula congiunti attraverso la tecnologia digitale, la consapevolezza ecologica e la promozione dell’interculturalità, nonché il supporto della mobilità accademica e la realizzazione di accordi volti al rilascio di titoli doppi e multipli. L'iniziativa è sostenuta da una serie di Pacchetti di Lavoro che comprendono gestione e coordinamento, sviluppo del curriculum, infrastruttura digitale, mobilità di insegnamento e studenti, ricerca e divulgazione. Ogni pacchetto è costruito in maniera tale da mantenere standard di qualità e promuovere pratiche educative sostenibili. Due componenti fondamentali sono gli Italy Desks nelle Nazioni target e il North Africa Desk presso l'Università Roma Tre, che fungono da centri nevralgici per la promozione, il coordinamento e la collaborazione regionale.","Università degli Studi Roma Tre, Libera Università Maria Santissima Assunta, Università degli Studi di Cassino e del Lazio Meridionale, Università degli Studi di Roma La Sapienza, Università degli Studi di Roma Tor Vergata, Università degli Studi della Tuscia, Università per Stranieri di Perugia",,Piano Nazionale di Ripresa e Resilienza (PNRR),1.9,EUR,,"€1,9 milioni",21 mesi,In corso,
MUR31,MUR42,Istruzione/Formazione/Cultura,Etiopia,1,Bilaterale,Iniziative educative transnazionali DD. 167/2023 (ITESHS),Cooperazione nel settore della ricerca e della formazione,"Il progetto Integrated Transcultural Educational Synergy in Health Sciences (ITESHS) è un'iniziativa che mira a internazionalizzare programmi universitari italiani nel campo delle scienze sanitarie, con un focus su infermieristica, ortopedia, fisioterapia e psicologia. Il progetto punta a stabilire un modello formativo internazionale innovativo, sviluppando corsi di laurea e post-laurea nelle Nazioni africane: Somalia (Jaamacadda Ummadda Soomaaliyeed, Università Nazionale Somala, Mogadiscio), Camerun (Hanseatic Institute of Technology and Applied Sciences, Douala) ed Etiopia (Università di Addis Abeba, Addis Abeba). A tal fine, ITESHS attua un approccio articolato che include lo sviluppo di curricula specializzati, programmi di mobilità, promozione di e-learning e simulazione pratica. In Italia, in particolare, verrà sostenuta la creazione di un polo tecnologico con strutture avanzate come un laboratorio biorobotico e ortopedico, per potenziare le capacità educative transnazionali e di ricerca nel campo delle scienze sanitarie, colmando i gap degli standard formativi tra università italiane e africane. Il progetto affronta le necessità immediate dei professionisti sanitari e mira a miglioramenti a lungo termine nei sistemi sanitari globali, promuovendo la condivisione di conoscenze e un approccio collettivo alle sfide sanitarie, elevando gli standard dell'educazione e della pratica sanitaria. Attraverso lo scambio di conoscenza tra università italiane e istituzioni africane, ITESHS anche risponde alla carenza di professionisti sanitari qualificati, un problema esacerbato dalle sfide sanitarie globali.","UniCamillus - Saint Camillus International University of Health and Medical Sciences, Università degli Studi di Foggia, Università degli Studi G. d'Annunzio Chieti-Pescara",,Piano Nazionale di Ripresa e Resilienza (PNRR),2.5,EUR,,"€2,5 milioni",22 mesi,In corso,
MUR32,MUR42,Istruzione/Formazione/Cultura,"Marocco, Tunisia",2,Transnazionale,Iniziative educative transnazionali DD. 167/2023 (HEALTHMED),Cooperazione nel settore della ricerca e della formazione,"Il progetto HEALTHMED si propone creare uno spazio extra-europeo per lo sviluppo di offerte formative accademiche professionalizzanti, programmi educativi congiunti, scambi culturali, progetti di alta formazione e ricerca con un partenariato composto da quattro Istituzioni universitarie italiane situate nel Mezzogiorno (Sicilia e Calabria) e sette Istituzioni universitarie estere associate situate in, tra le altre, Marocco e Tunisia. Obiettivo del partenariato è elevare l’offerta formativa dei sistemi universitari coinvolgendoli nell'adattamento alle trasformazioni digitali e ambientali attraverso la definizione di strumenti comuni per favorire l'acquisizione di competenze trasversali, allineando le competenze degli studenti con le esigenze del mercato del lavoro. Tale obiettivo verrà raggiunto sia attraverso l’avvio di un programma di mobilità fisica e virtuale per studenti, PH.D., ricercatori e docenti sia mediante iniziative di formazione avanzata per il potenziamento dei sistemi educativi esistenti per affrontare le sfide della società in maniera innovativa e multidisciplinare. Le metodologie formative saranno veicolate da un ecosistema digitale unico, un ambiente integrato e interconnesso di risorse digitali, applicazioni, dispositivi e tecnologie che collegherà risorse dati, applicazioni, dispositivi e tecnologie esistenti delle istituzioni universitarie per facilitare le attività di insegnamento, apprendimento, ricerca e amministrazione con l'obiettivo di esportare le migliori pratiche del modello di istruzione superiore italiano e incorporare le esperienze dei partner. Lo sviluppo di un ampio spettro di conoscenze nel campo della scienza e della tecnologia sarà raggiunto promuovendo la nascita e il consolidarsi di laboratori sperimentali d’innovazione per lo sviluppo e il trasferimento di pratiche formative sperimentali sulle innovazioni deep tech e technology driven nella pratica clinico-sanitaria e ingegneristica.","Università degli Studi di Enna Kore, Università degli Studi di Messina, Università degli Studi Mediterranea di Reggio Calabria, Università degli Studi Magna Graecia di Catanzaro",,Piano Nazionale di Ripresa e Resilienza (PNRR),1.3,EUR,,"€1,3 milioni",22 mesi,In corso,
MUR33,MUR42,Istruzione/Formazione/Cultura,"Marocco, Kenya",2,Transnazionale,Iniziative educative transnazionali DD. 167/2023 (GPSEducation),Cooperazione nel settore della ricerca e della formazione,"Il progetto Green&Pink for Sustainable Education mira a rafforzare la collaborazione internazionale tra le università italiane e 51 Istituzioni universitarie estere, tra cui quelle di Burkina Faso, Kenya e Marocco. Composta da 10 università italiane, la partnership sfrutta le relazioni esistenti per promuovere iniziative educative transnazionali nelle Nazioni coinvolte, anche tramite la mobilità degli studenti e dei professori, l'istituzione di programmi post-laurea specializzati e la creazione di programmi di double/joint degree. Per il continente africano l'iniziativa prevede il coinvolgimento del Marocco, del Kenya e del Burkina Faso. In particolare, il progetto affronta la transizione ecologica, gli strumenti socio-economici-finanziari per la conservazione del territorio, la medicina e l’innovazione sociale con un’uguaglianza di genere e con un focus sulla parità di genere e sugli strumenti digitali, una sostenibilità per la parità di genere e una didattica innovativa. Sul piano generale, l'iniziativa favorisce l’internazionalizzazione unendo diverse regioni e diversi livelli di sviluppo economico-sociali, promuovendo collaborazioni accademiche.","Università degli Studi di Foggia, Politecnico di Milano, Università degli Studi della Basilicata, Università degli Studi di Messina, Università della Calabria, Università degli Studi di Modena e Reggio Emilia, Università degli Studi di Verona, Università degli Studi di Enna Kore, Università degli Studi del Sannio, Università degli Studi della Tuscia",,Piano Nazionale di Ripresa e Resilienza (PNRR),2.0,EUR,,€2 milioni,22 mesi,In corso,
MUR34,MUR43,Istruzione/Formazione/Cultura,Egitto,1,Bilaterale,Internazionalizzazione degli istituti di istruzione superiore artistica e musicale (INAR Italian Network of Artistic Research and Art Education World Expo 2026),Cooperazione nel settore della ricerca e della formazione,"Il progetto ha come obiettivo quello di mappare l’attività di ricerca-creazione all’interno del sistema di Alta Formazione Artistica, Musicale e Coreutica (AFAM) al fine di produrre un lessico interdisciplinare della ricerca, rafforzando, da un lato, la cooperazione tra i vari ambiti artistici, dall'altro, valorizzando l’internazionalizzazione del settore. A tal fine, il progetto si prefigge di creare un “Network Italiano della Ricerca Artistica”, una piattaforma in grado di valorizzare e connettere le diverse pratiche di creazione, formazione e ricerca nelle varie scuole d’arte, musica, design e arti performative, creando un collegamento con reti analoghe a livello europeo ed extra-europeo, nonché con le istituzioni universitarie. L'iniziativa si articola in cinque programmi di lavoro: 1. Mapping Artistic Research in Italian AFAM Institutions: lo scopo di questo programma è quello di documentare l’ambito delle ricerca nelle istituzioni AFAM, al fine di creare un “Glossario” della ricerca artistica e del discorso scientifico practice-based, trasversale alle diverse discipline artistiche. 2. A Digital Cartography of Research-Creation: ha l’obiettivo di produrre una “Cartografia Digitale” della ricerca attraverso l’elaborazione di mappe visive e concettuali. La cartografia sarà pubblicata su un sito internet, rendendo accessibili i materiali testuali e multimediali prodotti e promuovendo le attività di ricerca delle istituzioni AFAM all’estero. 3. Fostering digital and ecological transitions through arts: comprende una serie di iniziative volte a promuovere gli scambi tra studenti, artisti, ricercatori e mondo dell’impresa, nell’ambito dell’innovazione digitale, ecologica e della ricerca-creazione favorendo così percorsi di apprendimento tra istituzioni di varie Nazioni, e rilanciando il ruolo dell’Italia nell’ambito della ricerca in campo artistico. Il programma ha previsto una summer school dottorale (maggio 2025) e una conferenza internazionale (novembre 2025). 4. Towards the Art Education World Expo 2026: ha previsto l'organizzazione del primo Art Education World Expo (Gennaio-Marzo 2026). Sulla scia del FISAD 2015 e 2019, l’EXPO ha avuto il duplice scopo di generare delle risorse per la ricerca artistica AFAM, e di creare una piattaforma-vetrina in cui delegati provenienti dalle scuole d’arte di tutto il mondo potranno confrontarsi, progettare e interagire. 5. Managing arts: legal and normative issues in artistic research: propone una progettualità trasversale all'intera iniziativa, occupandosi degli aspetti normativi legati alla ricerca-creazione e al lavoro artistico, e promuovendo uno studio comparativo del contesto giuridico.","Accademia delle Belle Arti di Torino, Accademia di Belle Arti di Roma, Accademia di Belle Arti di Napoli, Accademia di Belle Arti di Carrara, Accademia di Belle Arti di Sasssari, Accademia Ligustica di Belle Arti di Genova, Accademia di Belle Arti G. Carrara di Bergamo, Accademia di Belle Arti di Reggio Calabria, Accademia di Belle Arti di Ravenna, Conservatorio G. Verdi di Alessandria, Conservatorio G. Verdi di Torino, Accademia Nazionale d’Arte Drammatica Silvio D’Amico di Roma, Accademia Teatro alla Scala di Milano, ISIA di Firenze, ISIA di Faenza, Università degli Studi di Torino Public University, Politecnico di Torino",,Piano Nazionale di Ripresa e Resilienza (PNRR),3.4,EUR,,"€3,4 milioni",26 mesi,In corso,
MUR35,MUR43,Istruzione/Formazione/Cultura,Algeria,1,Bilaterale,Internazionalizzazione degli istituti di istruzione superiore artistica e musicale (PERFORMING),Cooperazione nel settore della ricerca e della formazione,"PERFORMING è un progetto che vuole offrire uno sguardo integrato sulle arti del nostro tempo, favorendo il dialogo tra giovani artisti e studiosi in formazione con un orizzonte di riferimento internazionale, che guardi alle esperienze di altri contesti culturali. Tutte le azioni del progetto mirano a una continua integrazione tra le tante sfaccettature della creazione umana e, in prospettiva, di quella artificiale, con particolare riferimento alle nuove tecnologie. L'esecuzione del progetto è articolata in 9 aree dedicate a: 1. Research & Sources. 2. Visual & Performing Arts Production. 3. Scenography, Costume & Design Production. 4. Cinema Production. 5. Music Production. 6. New Technologies & Multimedia Art Production. 7. Performing arts & Disability. 8. Performing Arts and Cultural Heritage: History, Law and Innovation. 9. Dissemination & Communication. Istituzione capofila del progetto è l'Accademia di Belle Arti di Catanzaro, che coordinerà il lavoro di altri 11 partner e che avvierà la collaborazione con l'University of Costantine 3 Salah Boubnider in Algeria.","Accademia di Belle Arti di Catanzaro, Accademia di Belle Arti di Napoli, Accademia di Belle Arti di Reggio Calabria, Accademia di Belle Arti di Sassari, Scuola Superiore Meridionale, Conservatorio di Musica di Napoli, Conservatorio di Musica di Taranto, Conservatorio di Musica di Siena, Conservatorio di Musica di Perugia, Conservatorio di Musica di Terni, ISIA di Faenza, Università di Brescia",,Piano Nazionale di Ripresa e Resilienza (PNRR),3.7,EUR,,"€3,7 milioni",25 mesi,In corso,
MUR36,MUR43,Istruzione/Formazione/Cultura,Marocco,1,Bilaterale,Internazionalizzazione degli istituti di istruzione superiore artistica e musicale (Digital and International Arts through Augmented reality and Research for young students),Cooperazione nel settore della ricerca e della formazione,"L'obiettivo generale del progetto è quello di promuovere la conoscenza del patrimonio artistico e culturale italiano e della lingua italiana attraverso l'attuazione di: - strumenti digitali basati sulla realtà virtuale e aumentata, per consentire a ogni studente di fruire di lezioni, contenuti, masterclass, grandi eventi sviluppati dal partenariato, attraverso una piattaforma digitale avanzata. - una strategia di networking internazionale attraverso mobilità UE ed extra-UE, programmi di doppia laurea e borse di dottorato internazionali. -la valorizzazione delle eccellenze culturali italiane e delle competenze specifiche di ciascun membro del partenariato. Gli obiettivi specifici del progetto sono: 1. creare una piattaforma digitale di realtà virtuale e aumentata per condividere e diffondere contenuti culturali italiani e collegare gli utenti in tutto il mondo, per consentire una fruizione integrata simultanea, come supporto alla didattica tradizionale. 2. Attivare reti di valore transnazionali finalizzate alla valorizzazione e alla generazione di attrattività sociale del patrimonio storico-artistico e culturale italiano attraverso la sperimentazione attiva nel panorama urbano e territoriale. 3. Sviluppare lo scambio di conoscenze dedicato alla co-creatività e all'interdisciplinarità dell'insegnamento in particolare della cultura e della lingua artistica italiana. 4. Creare un flusso di ricerca e divulgazione artistico-scientifica. L'approccio sarà fortemente orientato all'innovazione e alla promozione della cultura italiana nel mondo, attraverso: - potenziamento infrastrutturale della rete (rete GARR) e della piattaforma digitale. - nuove modalità di produzione artistica e culturale italiana pubblica, accessibile, interattiva, orientata all'ecosostenibilità e alla partecipazione sociale. - una strategia di internazionalizzazione che porti a una migliore attrattività e posizionamento del partenariato. - approccio trasversale e intersettoriale. - valorizzazione delle reti esistenti al fine di migliorare lo scambio di abilità e competenze soprattutto in ambito internazionale. - mettere in relazione diversi territori del Sud Italia caratterizzati da un forte patrimonio culturale e artistico, partendo dalle loro eccellenze, condividendo le migliori pratiche. - ricerca e dottorati di ricerca che facilitino la sperimentazione nel campo della produzione artistica, in particolare con il supporto di strumenti digitali. - un modello di gestione del progetto che sia leggero e intelligente, in modo da garantire il miglior scambio di informazioni, la valorizzazione delle competenze e il raggiungimento degli obiettivi.","Accademia di Belle Arti di Lecce, Conservatorio di musica ""Tito Schipa"", Conservatorio di musica ""É.R. Duni"" di Matera, Rosario Gagliardi Srl — Società di gestione dell’Accademia di Belle Arti legalmente riconosciuta Rosario Gagliardi di Siracusa, Istituto del Design Gestito da Istituto di Formazione Orientamento e Ricerca (IFOR), Conservatorio di Musica ""Domenico Cimarosa"", CNR Nanotec Research, Università del Salento.",,Piano Nazionale di Ripresa e Resilienza (PNRR),2.9,EUR,,"€2,9 milioni",25 mesi,In corso,
MUR37,MUR43,Istruzione/Formazione/Cultura,Tunisia,1,Bilaterale,Internazionalizzazione degli istituti di istruzione superiore artistica e musicale (Music and Arts Empowerment),Cooperazione nel settore della ricerca e della formazione,"Il progetto MUSAE riunisce due Conservatori del Mezzogiorno, due Istituti Superiori per le Industrie Artistiche (ISIA) del centro Italia e un istituto del Consiglio Nazionale delle Ricerche. Ognuno degli Istituti partner ha una sua specificità nei diversi settori dell’espressione artistica: il progetto le riunisce facendo da moltiplicatore, aumentando e completando le capacità di comunicazione e di valorizzazione dei rispettivi ambiti. Tutte le azioni di progetto sono interdisciplinari e basate sulla contaminazione dei linguaggi: si spazia dalla creazione di spazi museali alla realizzazione di docufilm, dalla digitalizzazione degli archivi sonori alle residenze artistiche e didattiche, dalla partecipazione a festival internazionali alla creazione di reti istituzionali euromediterranee partecipate dagli Istituti Italiani di Cultura. Tutti i prodotti del progetto diventeranno veicoli di promozione per ulteriori produzioni, indirizzate tanto al mercato nazionale quanto a quello estero. Risultato principale del progetto sarà tuttavia la nascita di una istituzione multilaterale per l’intensificazione degli scambi artistici e didattici, un ambizioso Politecnico Internazionale del Mediterraneo di cui già esiste, da oltre un anno, un nucleo fondatore che va soltanto implementato adeguatamente. L’obiettivo strategico è quello di promuovere un approccio che superi la semplice promozione di produzioni culturali degli istituti membri per prediligere la condivisione di uno spazio, fisico e digitale, di coproduzione culturale con i paesi partner e gli ospiti che verranno sia da altre Nazioni europee che dell’area sud mediterranea.","Conservatorio Tchaikovsky di Nocera Terinese (CSMT), Conservatorio Perosidi Campobasso, Istituto Poliarte di Ancona (IPA), IID Perugia (IIDP)",,Piano Nazionale di Ripresa e Resilienza (PNRR),2.8,EUR,,"€2,8 milioni",24 mesi,In corso,
MUR38,MUR43,Istruzione/Formazione/Cultura,Tunisia,1,Bilaterale,"Internazionalizzazione degli istituti di istruzione superiore artistica e musicale (Italy for Arts: Resources, Time and Space)",Cooperazione nel settore della ricerca e della formazione,"L'obiettivo principale di ItARTS è la promozione internazionale dei Beni Artistico-Culturali Italiani, attraverso il rafforzamento della visibilità internazionale dell'Alta Formazione Artistica, Musicale e Coreutica (AFAM). L'acronimo sta per ""L'Italia per le Arti: Risorse, Tempo e Spazio"" e si riferisce alle azioni integrate del progetto su tre livelli: formazione, creazione e produzione artistica, presentazione internazionale di performance artistiche multimediali. ItARTS, incubatore di Arte, è disegnato per attrarre, servire e sostenere una comunità internazionale, multiculturale di artisti professionisti, docenti, studenti e ricercatori dell'AFAM. Il partenariato consta di cinque istituzioni: il Conservatorio di Musica ""A.Casella"" dell'Aquila, istituzione capofila, il Saint Louis College of Music di Roma, l'Accademia di Belle Arti dell'Aquila, il Dipartimento di Ingegneria Industriale e dell'Informazione e di Economia dell'Università dell'Aquila e il Dipartimento Interateneo di Scienze, Progetto e Politiche del territorio/corso di laurea in Ingegneria del Cinema e dei Mezzi di Comunicazione del Politecnico di Torino. In particolare, ItARTS: - istituirà un ""Laboratorio vivente"" internazionale ispirato all'apprendimento basato sul fare e sull'esperienza. Il laboratorio costituirà anche uno strumento per lo sviluppo del modello della Quadrupla Elica per lo sviluppo sostenibile, integrando le esperienze fatte dalle istituzioni partner nell'ambito di progetti simili già finanziati. - stimolerà nei giovani artisti-studenti che parteciperanno al laboratorio capacità, conoscenze e competenze utili alla realizzazione del loro potenziale innovativo, creativo e imprenditoriale. - alimenterà performance artistiche multimediali legate al sociale e ispirate a tematiche globali attuali. - produrrà e investirà sui progetti artistici incubati nel laboratorio. - presenterà tali progetti all'estero attraverso l'organizzazione di serie di eventi dal vivo e la distribuzione digitale. - consoliderà la formazione del pubblico e rafforzerà il suo coinvolgimento verso la cultura e la creatività Italiana. - accrescerà il riconoscimento del valore sociale delle arti performative. - attiverà un Ufficio di Trasferimento Culturale che implementerà la mobilità e le rotte degli scambi culturali, e sosterrà i prodotti creativi di ItARTS.","Conservatorio di Musica ""Alfredo Casella"" L’Aquila, Saint Louis Music Center, Politecnico di Torino, Università degli Studi dell’Aquila",,Piano Nazionale di Ripresa e Resilienza (PNRR),3.2,EUR,,"€3,2 milioni",25 mesi,In corso,
MUR39,,Istruzione/Formazione/Cultura,Kenya,1,Bilaterale,Riduzione dei disturbi di salute mentale in Africa attraverso la formazione di personale sanitario specializzato nell'ambito della salute mentale,Cooperazione nel settore della ricerca e della formazione,"Si tratta di un'iniziativa promossa da Amref International University (AMIU) e il Centro dell'Organizzazione Mondiale della Sanità per la Ricerca in Salute Mentale, Dipartimento di Neuroscienze, Biomedicina, e Movimento dell’Università di Verona, per affrontare la carenza di personale sanitario mentale in Kenya e in tutta l'Africa. AMIU e l'Università di Verona hanno proposto due strategie principali: (1) co-sviluppo di curricula per un Master of Mental Health Promotion e un Bachelor of Science in Psychological Well-Being; (2) promozione dello scambio di docenti e studenti al fine di ampliare la formazione e le conoscenze della letteratura evidence-based.",,,Altre risorse,0.124,EUR,,€124 mila,-,In corso,
MUR40,,Istruzione/Formazione/Cultura,,0,Regionale / non specificato,Supporto alle attività dei cluster research excellence ARUA-The Guild nei partenariati che coinvolgono le Istituzioni Africane (a collaborative approach to support ARUA-The Guild Cluster of Research Excellence and develop a sustainable Europe-Africa educational and capacitybuilding long term strategy – CoRE-for-Africa),Cooperazione nel settore della ricerca e della formazione,"La proposta si inserisce nell’ambito dello sviluppo e del consolidamento delle attività dei Cluster of Research Excellence (CoRE) costituiti nel contesto della collaborazione tra The African Research Alliance (ARUA) e The Guild of European Research-Intensive Universities (The Guild), un network che riunisce importanti università europee ad alta intensità di ricerca di cui l’Università di Bologna è membro. I CoRE sono stati costituiti su diversi ambiti tematici e mirano a promuovere la collaborazione tra istituzioni accademiche africane ed europee su temi chiave quali la sostenibilità, l'innovazione e lo sviluppo.L’attività dei due CoRE si svilupperà in un arco temporale di 10 anni ed è attualmente nella fase iniziale, che necessita di un investimento per consolidarne la struttura e lo sviluppo delle relative azioni.",,,Altre risorse,0.122,EUR,,€122 mila,-,Concluso,
MUR41,,Istruzione/Formazione/Cultura,"Egitto, Tunisia, Marocco, Algeria, Kenya, Etiopia, Mozambico, Repubblica del Congo, Costa d'Avorio, Angola, Ghana, Mauritania, Senegal, Tanzania, Gabon, Ruanda, Repubblica Democratica del Congo, Zambia",18,Transnazionale,Research capacity building with Africa,Cooperazione nel settore della ricerca e della formazione,"L'iniziativa mira a finanziare università e istituti di ricerca pubblici italiani per iniziative di formazione transnazionale con le Nazioni africane, nell’ambito dell’iniziativa G7 Research Capacity Building with Africa (RCA). Il bando prevede finanziamenti per attività volte a rafforzare gli ecosistemi di innovazione delle Nazioni africane attraverso un approccio integrato che coinvolge progetti di formazione e scambi educativi, in collaborazione con università locali e con la partecipazione di istituzioni delle Nazioni del G7 interessate. Le proposte di progetto sono in linea con la priorità tematica della “Cooperazione in materia di ricerca e innovazione con l’Africa”, come individuato nella Dichiarazione finale dei Ministri della scienza e della tecnologia del G7 del 2024, e devono essere in sinergia con le priorità delineate nei programmi dell’UNESCO. Il budget stanziato precede un contributo massimo di 250.000 euro per ogni iniziativa ammessa al finanziamento con durata massima di 36 mesi.",Università italiane e straniere,,Piano Nazionale di Ripresa e Resilienza (PNRR),1.5,EUR,,"€1,5 milioni",2 anni,In corso,
MUR42,,Istruzione/Formazione/Cultura,"Egitto, Tunisia, Marocco, Algeria, Kenya, Etiopia, Mozambico, Costa d'Avorio, Angola, Ghana, Mauritania, Senegal, Tanzania, Ruanda, Repubblica Democratica del Congo, Zambia",16,Transnazionale,Iniziative educative transnazionali (TNE),Cooperazione nel settore della ricerca e della formazione,"Il Ministero dell’Università e della Ricerca (MUR) ha previsto la concessione di finanziamenti destinati a Iniziative educative transnazionali (TNE), rivolte a università, consorzi interuniversitari e fondazioni universitarie. Le risorse stanziate ammontano a 50 milioni di euro in totale e attualmente prevedono la copertura di 24 progetti. Il finanziamento rientra nella sottomisura T4 “Iniziative Transnazionali in materia di istruzione”, Investimento 3.4 “Didattica universitaria e competenze avanzate” del Piano Nazionale di Ripresa e Resilienza, Missione 4 “Istruzione e ricerca” – Componente 1 “Potenziamento dell’offerta dei servizi all’istruzione: dagli asili nido all’Università” del PNRR e ha l'obiettivo di favorire l’internazionalizzazione delle università italiane e valorizzare il modello di istruzione superiore nazionale quale best practice a livello internazionale. Le iniziative finanziate, realizzate in raccordo con il Ministero degli Affari Esteri e della Cooperazione Internazionale (MAECI), sono rivolte a contesti extra-UE, con particolare riferimento a: le Nazioni del continente africano, le Nazioni meno sviluppate (LDCs), le Nazioni del Mediterraneo e della Penisola Balcanica, le aree caratterizzate da una significativa presenza di comunità italiane, tra cui le Nazioni dell’America Latina e le Nazioni del continente Asiatico.",Università italiane e straniere,,Piano Nazionale di Ripresa e Resilienza (PNRR),30.1,EUR,,"€ 30,1 milioni",22 mesi,Concluso,
MUR43,,Istruzione/Formazione/Cultura,"Algeria, Egitto, Marocco, Tunisia",4,Transnazionale,Internazionalizzazione degli istituti di istruzione superiore artistica e musicale,Cooperazione nel settore della ricerca e della formazione,"L’iniziativa ha come obiettivo quello di sostenere la valorizzazione e l’internazionalizzazione del Sistema italiano di Alta Formazione Artistica, Musicale e Coreutica (AFAM), attraverso la creazione di collaborazioni con analoghe istituzioni e/o università delle Nazioni africane partner. Ciò anche al fine di promuovere la conoscenza del patrimonio artistico e culturale e della lingua italiana, sfruttando le opportunità offerte dall’innovazione tecnologica e digitale. Il progetto prevede l’istituzione di piattaforme, fisiche e digitali, in grado di valorizzare e mettere in connessione, le diverse pratiche di creazione, formazione e ricerca dell’AFAM, favorendo collaborazioni con analoghe reti a livello europeo ed extra-EU e con le istituzioni universitarie.Tali iniziative, al contempo, incoraggiano gli scambi tra studenti, artisti, ricercatori e mondo dell’impresa, anche con riferimento alle tematiche dell’innovazione digitale, ecologica e della ricerca-creazione. Sul piano generale il progetto mira non solo a creare un “legame” stabile tra artisti di differenti Nazioni, ma a elaborare uno spazio condiviso permanente che superi la semplice promozione di produzioni culturali degli istituti partecipanti al progetto, sostenendo la condivisione di uno spazio, fisico e digitale, di coproduzione culturale (creazione di spazi museali, realizzazione di docufilm, digitalizzazione degli archivi sonori partecipazione a festival internazionali) con le Nazioni partner del progetto.","Sistema italiano dell'Alta Formazione Artistica, Musicale e Coreutica, Università italiane e straniere, Accademie delle Belle Arti e Conservatori",,Piano Nazionale di Ripresa e Resilienza (PNRR),16.0,EUR,,€16 milioni,3 anni,Concluso,
RPFF01,,Acqua,Etiopia,1,Bilaterale,Ethiopia Borana Resilient Water Development for Improved Livelihood Programme (Borana RWDP II),Gestione risorse idriche e accesso all'acqua,"Il Borana Resilient Water Development for Improved Livelihoods Programme II (BRWDLP II) è un programma infrastrutturale di grande scala per l'accesso all'acqua nella zona di Borana, nella regione Oromia, nell'Etiopia sudoccidentale, una delle aree più colpite dalla siccità ricorrente nel Corno d'Africa. L'architettura del programma è quella di un finanziamento a più strati. La Fase II è stata approvata dal Consiglio della Banca Africana di Sviluppo il 28 febbraio 2024, con una dotazione principale di 35 milioni di dollari a fondo perduto del Fondo Africano per lo Sviluppo (ADF), integrata da un contributo di 5 milioni del Governo federale etiope. A questo pacchetto di base si è aggiunto, nell'ottobre 2025, un finanziamento addizionale di 16,38 milioni di dollari, composti da 9,38 milioni a fondo perduto dalla Climate Action Window dell'ADF e dal contributo italiano al progetto di 6 milioni di euro attraverso la Rome Process/Mattei Plan Financing Facility (RPFF). Il programma mira a migliorare l'accesso di persone e bestiame a servizi idrici e igienico-sanitari integrati, sostenibili e sensibili alle questioni di genere, e a migliorare la gestione del bacino idrico per ridurne il degrado. Nel dettaglio, il finanziamento addizionale servirà a dispiegare sistemi idrici alimentati da energia solare ed estendere la rete di distribuzione idrica di quasi 95 chilometri, garantendo accesso all'acqua pulita a circa 23.000 persone e 50.000 capi di bestiame.",,,Rome Process Financing Facility,6.0,EUR,,€6 milioni,2 anni,In corso,Africa Development Bank
RPFF02,,Agricoltura/Pesca,Angola,1,Bilaterale,Eastern Region Agricultural Value Chain Development Project (ERAVCDP),Sviluppo agricolo e sicurezza alimentare,"L'Eastern Region Agricultural Value Chain Development Project (ERAVCDP) è un progetto di sviluppo agricolo e sicurezza alimentare approvato dalla Banca Africana di Sviluppo nel novembre 2025 e rappresenta il primo partenariato tra la Banca e il Governo italiano nell'ambito del Corridoio di Lobito. Il contesto geografico è quello delle sei province orientali dell'Angola — Lunda Norte, Lunda Sul, Moxico, Moxico Leste, Cuando e Cubango — un'area dal grande potenziale agricolo e allo stesso tempo di fragilità strutturale, caratterizzata da limitata connettività ai mercati, scarsa infrastruttura di trasformazione e lavorazione e bassa produttività agricola. L'ambizione del progetto è trasformare questa regione nel ""paniere alimentare"" dell'Angola e potenzialmente dell'Africa australe, sfruttando la posizione strategica lungo il Lobito Corridor Economic Zone — la ferrovia transcontinentale che connette il porto angolano di Lobito con la Repubblica Democratica del Congo e lo Zambia, fino ai porti dell'Oceano Indiano. Il pacchetto finanziario complessivo ammonta a 211,4 milioni di dollari: la Banca Africana di Sviluppo fornisce un prestito di 190,4 milioni di dollari, al quale si aggiungono 20 milioni di dollari della Rome Process/Mattei Plan Financing Facility (RPFF) e 1 milione di dollari di grant dalla Transition Support Facility Pillar IV. Il Governo angolano contribuisce con 100 milioni di dollari in finanziamento parallelo, includendo sussidi per la preparazione del suolo, contributi in natura di spazio uffici e stipendi per tecnici e agronomi sul campo, e accesso a linee di credito esistenti attraverso banche commerciali e istituzioni finanziarie governative. Il contributo italiano attraverso l'RPFF è di 17 milioni di euro in forma di prestito agevolato. Il progetto mira a rafforzare la lavorazione agricola e lo sviluppo delle filiere produttive, consolidando la sicurezza alimentare regionale e le opportunità economiche. Le filiere produttive supportate comprendono cassava, mais, fagioli, sorgo, soia, arachidi, cacao, caffè e palma da olio. In termini di impatti attesi, il progetto creerà 7.500 posti di lavoro diretti — almeno la metà riservati a donne e un terzo a giovani — e beneficerà 1,2 milioni di persone nelle sei province target. Tra le infrastrutture previste: la riabilitazione di 400 km di strade di accesso resilienti al clima, per connettere le comunità agricole ai mercati, ai centri di lavorazione e al Lobito Corridor Economic Zone. Sei centri di meccanizzazione agricola saranno attrezzati con strumenti e macchinari per fornire servizi accessibili a 900.000 agricoltori, con metà dei beneficiari donne. La componente di sviluppo delle competenze punta allo sviluppo economico giovanile attraverso formazione in agribusiness, meccanizzazione, trasformazione alimentare e imprenditoria agricola. La dimensione climatica è integrata sin dalla progettazione, con il supporto del Global Center on Adaptation nell'ambito dell'Africa Adaptation Acceleration Program, che garantisce l'incorporazione di soluzioni di resilienza nelle infrastrutture e nelle pratiche agricole. Il progetto sarà attuato dal Ministero dell'Agricoltura e delle Foreste dell'Angola nell'arco di cinque anni, dal 2026 al 2031, allineandosi con il Piano decennale di sviluppo etiope e con la Country Strategy Paper della Banca Africana di Sviluppo 2023–2027.",,,Rome Process Financing Facility,17.0,EUR,,€17 milioni,5 anni,In corso,Africa Development Bank
RPFF03,,Energia,Kenya,1,Bilaterale,Kenya E-Cooking Market Development Project (KEMDP),Soluzioni energetiche pulite / clean cooking,"Il Kenya E-Cooking Market Development Project (KEMDP) è un'iniziativa finanziata dalla Banca Africana di Sviluppo (AfDB) e cofinanziata attraverso la Rome Process/Mattei Plan Financing Facility (RPFF) con l'obiettivo di promuovere soluzioni di clean cooking in Kenya. Nonostante il considerevole potenziale per la cucina elettrica e l'interesse di Governo e settore privato, l'adozione nazionale dell'elettricità come combustibile primario per la cottura rimane attorno allo 0,2%. Gli ostacoli principali riguardano i dispositivi: limitazioni della catena di approvvigionamento, fluttuazioni dei prezzi, alti costi iniziali e mancanza di elettrodomestici adattati alle preferenze culinarie locali. Il progetto ha ricevuto una dotazione di 4,4 milioni di dollari in grant dalla AfDB e il team MECS (Modern Energy Cooking Services) ha lavorato a stretto contatto con AfDB, il Ministero dell'Energia keniota e Kenya Power & Lighting Company (KPLC) nello sviluppo dell'iniziativa. L'implementazione è affidata a KPLC, il principale distributore elettrico della Nazione. I dispositivi privilegiati sono le pentole a pressione elettriche (Electric Pressure Cookers), particolarmente adatte alla cucina keniota con risparmi energetici fino all'80% e riduzione dei tempi di cottura del 50% rispetto ai metodi tradizionali. I beneficiari diretti — principalmente donne che cucinano nelle famiglie — godranno di riduzione del carico di lavoro, miglioramento della qualità dell'aria interna e risparmio sulle bollette energetiche, mentre KPLC rafforzerà la propria capacità di stimolare la domanda di eCooking su scala nazionale. Il Kenya è la prima Nazione in Africa ad aver sviluppato una strategia nazionale dedicata all'eCooking (Kenya National eCooking Strategy, KNeCS 2024), con un obiettivo di accesso universale al clean cooking entro il 2028 e alla transizione alle energie pulite entro il 2030.",,,Rome Process Financing Facility,3.5,EUR,,"€3,5 milioni",3 anni,In corso,Africa Development Bank
RPFF04,,Infrastrutture fisiche e digitali,Angola,1,Bilaterale,Lobito Economic Corridor Development Project,Sviluppo infrastrutturale del Corridoio di Lobito,"Il Lobito Economic Corridor Development Project è un'operazione di assistenza tecnica finanziata attraverso la Rome Process/Mattei Plan Financing Facility (RPFF), che si inserisce nel più ampio progetto del Corridoio di Lobito — l'asse infrastrutturale transcontinentale che costituisce una delle iniziative strategiche del Piano Mattei. Il Corridoio di Lobito è una rotta ferroviaria e stradale multimodale che collega il porto atlantico di Lobito, in Angola, alle regioni minerarie della Repubblica Democratica del Congo e al Copperbelt dello Zambia. Sul piano infrastrutturale, il progetto prevede la costruzione di 550 km di nuova linea ferroviaria in Zambia e 280 km in Angola, oltre al miglioramento di 260 km di strade di collegamento in Zambia. Il contributo a dono dell'RPFF è dedicato all'assistenza tecnica destinata all'Angola ed è finalizzato a sostenere lo studio di fattibilità per la tratta autostradale Luau (E25/Marco) – Caiao – Jimbe di 167 km, lungo il Corridoio",,,Rome Process Financing Facility,0.6,EUR,,€600 mila,La durata dell'iniziativa complessiva sarà definita nell'ambito dell'assistenza tecnica,In corso,Africa Development Bank
RPFF05,,Energia,Mauritania,1,Bilaterale,Promotion of Green Solutions and Strengthening Resilience of Rural Communities (PROREV),Accesso all'energia e opportunità economiche,"Il progetto Promotion of Green Solutions and Strengthening Resilience of Rural Communities (PROREV) è volto ad aumentare l'accesso all'energia e la resilienza delle comunità rurali e pastorali della Mauritania attraverso lo sviluppo di mini-reti energetiche rinnovabili, la promozione di attività economiche sostenibili e il rafforzamento istituzionale. È finanziato nell'ambito della Rome Process/Mattei Plan Financing Facility (RPFF), con la Banca Africana di Sviluppo (AfDB) come soggetto attuatore. PROREV interviene su tre assi complementari. Il primo è energetico: lo sviluppo di 200 mini-reti rinnovabili per portare elettricità pulita e accessibile a comunità rurali e pastorali (stimati 240.000 beneficiari) che ne sono prive o la cui fornitura è inaffidabile, un prerequisito per qualsiasi attività economica produttiva dalla refrigerazione dei prodotti agricoli all'irrigazione, fino all'illuminazione delle strutture sanitarie e scolastiche. Il secondo asse riguarda lo sviluppo economico sostenibile, con la promozione di attività generatrici di reddito ancorate alle risorse locali e compatibili con l'equilibrio degli ecosistemi. Il terzo è il rafforzamento istituzionale, indispensabile per garantire la sostenibilità degli investimenti nel tempo e la capacità dei soggetti locali di gestire e manutenere le infrastrutture realizzate. Il contributo a dono italiano è finalizzato alla realizzazione di studi fattibilità e di una valutazione dei rischi climatici (Climate Risk Assessment) per identificare le vulnerabilità climatiche, analizzare i potenziali impatti su infrastrutture e attività progettuali, e definire strategie di adattamento efficaci.",,,Rome Process Financing Facility,1.3,EUR,,"€1,3 milioni",La durata dell'iniziativa complessiva sarà definita nell'ambito dell'assistenza tecnica,In corso,Africa Development Bank
TERNA01,,Istruzione/Formazione/Cultura; Energia,Tunisia,1,Bilaterale,Terna Innovation Zone,Valorizzazione ecosistema innovazione e nuovi talenti,"Terna Innovation Zone Tunisia è un progetto strategico di responsabilità sociale d’impresa avviato da Terna con l’obiettivo di accompagnare e presidiare lo sviluppo dell’ecosistema locale tunisino, contribuendo alla diffusione di soluzioni innovative e al rafforzamento delle competenze. L'iniziativa si inserisce nel contesto della presenza di Terna in Tunisia, nell’ambito del progetto di interconnessione elettrica ELMED. Il progetto si articola nei seguenti filoni operativi: - Energy Industry Support per favorire lo scambio di conoscenze tra attori operanti nel campo dell’industria energetica (Terna e la Società Tunisina dell'Elettricità e del Gas - STEG) al fine di aumentare le performance del settore. - Formazione nuovi talenti per sostenere lo sviluppo e la diffusione di competenze nel settore energetico, in stretta connessione con le esigenze dell’industria e con i processi di innovazione in atto. - Startup Ecosystem per favorire la nascita, la crescita e l’aggregazione di startup per lo sviluppo di ecosistemi di innovazione che contribuiranno all’avanzamento tecnologico e di business del settore energetico. Il Terna Innovation Zone Tunisia è operativo dalla sua inaugurazione avvenuta a Tunisi nel gennaio 2025 alla presenza del Ministro dell’Ambiente e Sicurezza Energetica, Pichetto Fratin, del Ministro degli Esteri tunisino Nafti e il Segretario alla Transizione energetica tunisina, Wael Chouchene, ed ospita iniziative ed eventi legate ai temi dell'innovazione e della formazione. Oltre alle 5 Start up tunisine selezionate nell'ambito del Global Scaleup Program 2025 e a quelle coinvolte nel programma in corso nel 2026, il centro coinvolge studenti delle Università tunisine e dei centri di formazione professionale, nonché il personale tecnico della Società tunisina per l'Elettricità e il Gas - STEG. La sede operativa è ospitata nello stesso edificio della Camera di Commercio tuniso-italiana e dell'Istituto Italiano di Cultura a Tunisi.",Terna S.p.A.,"Elis, Mind the Bridge, Microsoft, Società Tunisina dell'Elettricità e del Gas (STEG), Scuola Nazionale d'Ingegneria di Tunisi (ENIT), Scuola Nazionale d'Ingegneria di Monastir (ENIM), Tecnopolo Novation City, Tecnopolo Borj Cédria",Risorse Terna S.p.A.,,,,,3 anni,In corso,Global Gateway/Team Europe
TERNA02,,Energia,Tunisia,1,Bilaterale,ELMED,Rafforzamento interconnessioni energetiche,"ELMED è il primo collegamento in corrente continua ad alta tensione (HVDC) tra Europa e Nord Africa, un'infrastruttura strategica sviluppata congiuntamente da Terna e dalla Société Tunisienne de l'Électricité et du Gaz (STEG), i gestori delle reti di trasmissione elettrica nazionale di Italia e Tunisia. L'opera prevede la realizzazione di un elettrodotto da 600 MW e 500 kV lungo circa 220 chilometri, di cui oltre 200 in cavo sottomarino attraverso il Canale di Sicilia, collegando la stazione elettrica di Partanna, in Sicilia, con quella di Mlaabi, nella penisola tunisina di Capo Bon. Concepita per garantire uno scambio bidirezionale di energia elettrica tra le due Nazioni, l'interconnessione aumenterà la resilienza delle reti, migliorerà la sicurezza degli approvvigionamenti e favorirà una maggiore integrazione delle fonti rinnovabili. L'investimento complessivo beneficerà di un finanziamento europeo di 307 milioni stanziati dalla Commissione europea attraverso il programma Connecting Europe Facility (CEF) — prima volta in assoluto che tali fondi vengono destinati a un'opera infrastrutturale realizzata con il coinvolgimento di uno Stato non membro dell'Unione. Il progetto è inserito tra le priorità del Piano Nazionale Integrato per l'Energia e il Clima (PNIEC), oltre a figurare tra i Progetti di Interesse Comune (PCI) dell'UE, riconoscimento riservato alle infrastrutture considerate strategiche per il mercato energetico continentale. ELMED rafforzerà la sicurezza degli approvvigionamenti, accelererà la transizione verde e creerà nuove opportunità economiche su entrambe le sponde del Mediterraneo.","Terna S.p.A., Società Tunisina dell'Elettricità e del Gas (STEG)",,Terna S.p.A.; Unione Europea; Banca Mondiale; Banca di Sviluppo tedesca (KfW); Banca Europea per gli Investimenti (BEI); Banca Europea per la Ricostruzione e lo Sviluppo (BERS),1400.0,EUR,,"€1,4 miliardi",9 anni,In corso,Global Gateway/Team Europe
